{
  "Light6_Dimmer -\u003e hue:0100:ecb5fa0d8680:25:brightness": {
    "class": "org.eclipse.smarthome.core.thing.link.ItemChannelLink",
    "value": {
      "channelUID": {
        "segments": [
          "hue",
          "0100",
          "ecb5fa0d8680",
          "25",
          "brightness"
        ]
      },
      "configuration": {
        "properties": {
          "profile": "system:default"
        }
      },
      "itemName": "Light6_Dimmer"
    }
  },
  "Light6_Toggle -\u003e hue:group:ecb5fa0d8680:2:switch": {
    "class": "org.eclipse.smarthome.core.thing.link.ItemChannelLink",
    "value": {
      "channelUID": {
        "segments": [
          "hue",
          "group",
          "ecb5fa0d8680",
          "2",
          "switch"
        ]
      },
      "configuration": {
        "properties": {
          "profile": "system:default"
        }
      },
      "itemName": "Light6_Toggle"
    }
  }
}