{
  "SonosPlay1Kitchen_MediaArtist -\u003e sonos:PLAY1:RINCON_347E5CCA76B001400:currentartist": {
    "class": "org.openhab.core.thing.link.ItemChannelLink",
    "value": {
      "channelUID": {
        "segments": [
          "sonos",
          "PLAY1",
          "RINCON_347E5CCA76B001400",
          "currentartist"
        ],
        "uid": "sonos:PLAY1:RINCON_347E5CCA76B001400:currentartist"
      },
      "configuration": {
        "properties": {}
      },
      "itemName": "SonosPlay1Kitchen_MediaArtist"
    }
  },
  "PaigesspaceRoom_Scene -\u003e hue:group:ecb5fa0d8680:4:scene": {
    "class": "org.openhab.core.thing.link.ItemChannelLink",
    "value": {
      "channelUID": {
        "segments": [
          "hue",
          "group",
          "ecb5fa0d8680",
          "4",
          "scene"
        ],
        "uid": "hue:group:ecb5fa0d8680:4:scene"
      },
      "configuration": {
        "properties": {}
      },
      "itemName": "PaigesspaceRoom_Scene"
    }
  },
  "SonosPlay1Kitchen_MediaControl -\u003e sonos:PLAY1:RINCON_347E5CCA76B001400:control": {
    "class": "org.openhab.core.thing.link.ItemChannelLink",
    "value": {
      "channelUID": {
        "segments": [
          "sonos",
          "PLAY1",
          "RINCON_347E5CCA76B001400",
          "control"
        ],
        "uid": "sonos:PLAY1:RINCON_347E5CCA76B001400:control"
      },
      "configuration": {
        "properties": {}
      },
      "itemName": "SonosPlay1Kitchen_MediaControl"
    }
  },
  "EcobotDeebotMQTT_StartCleaning -\u003e mqtt:topic:c4e86adad0:35fd2d9a70:clean": {
    "class": "org.openhab.core.thing.link.ItemChannelLink",
    "value": {
      "channelUID": {
        "segments": [
          "mqtt",
          "topic",
          "c4e86adad0",
          "35fd2d9a70",
          "clean"
        ],
        "uid": "mqtt:topic:c4e86adad0:35fd2d9a70:clean"
      },
      "configuration": {
        "properties": {}
      },
      "itemName": "EcobotDeebotMQTT_StartCleaning"
    }
  },
  "Garageoutdoorlight_Power -\u003e tplinksmarthome:hs200:2FB714:switch": {
    "class": "org.openhab.core.thing.link.ItemChannelLink",
    "value": {
      "channelUID": {
        "segments": [
          "tplinksmarthome",
          "hs200",
          "2FB714",
          "switch"
        ],
        "uid": "tplinksmarthome:hs200:2FB714:switch"
      },
      "configuration": {
        "properties": {}
      },
      "itemName": "Garageoutdoorlight_Power"
    }
  },
  "EcobotDeebotMQTT_ChargeState -\u003e mqtt:topic:c4e86adad0:35fd2d9a70:chargeState": {
    "class": "org.openhab.core.thing.link.ItemChannelLink",
    "value": {
      "channelUID": {
        "segments": [
          "mqtt",
          "topic",
          "c4e86adad0",
          "35fd2d9a70",
          "chargeState"
        ],
        "uid": "mqtt:topic:c4e86adad0:35fd2d9a70:chargeState"
      },
      "configuration": {
        "properties": {}
      },
      "itemName": "EcobotDeebotMQTT_ChargeState"
    }
  },
  "SonosPlay1Kitchen_Volume -\u003e sonos:PLAY1:RINCON_347E5CCA76B001400:volume": {
    "class": "org.openhab.core.thing.link.ItemChannelLink",
    "value": {
      "channelUID": {
        "segments": [
          "sonos",
          "PLAY1",
          "RINCON_347E5CCA76B001400",
          "volume"
        ],
        "uid": "sonos:PLAY1:RINCON_347E5CCA76B001400:volume"
      },
      "configuration": {
        "properties": {}
      },
      "itemName": "SonosPlay1Kitchen_Volume"
    }
  },
  "Weather_Tomorrow_Max -\u003e openweathermap:weather-and-forecast:beb9ef9457:local:forecastHours24#max-temperature": {
    "class": "org.openhab.core.thing.link.ItemChannelLink",
    "value": {
      "channelUID": {
        "segments": [
          "openweathermap",
          "weather-and-forecast",
          "beb9ef9457",
          "local",
          "forecastHours24#max-temperature"
        ],
        "uid": "openweathermap:weather-and-forecast:beb9ef9457:local:forecastHours24#max-temperature"
      },
      "configuration": {
        "properties": {}
      },
      "itemName": "Weather_Tomorrow_Max"
    }
  },
  "EcobotDeebotMQTT_CleanArea -\u003e mqtt:topic:c4e86adad0:35fd2d9a70:cleanArea": {
    "class": "org.openhab.core.thing.link.ItemChannelLink",
    "value": {
      "channelUID": {
        "segments": [
          "mqtt",
          "topic",
          "c4e86adad0",
          "35fd2d9a70",
          "cleanArea"
        ],
        "uid": "mqtt:topic:c4e86adad0:35fd2d9a70:cleanArea"
      },
      "configuration": {
        "properties": {}
      },
      "itemName": "EcobotDeebotMQTT_CleanArea"
    }
  },
  "EcobotDeebotMQTT_Charge -\u003e mqtt:topic:c4e86adad0:35fd2d9a70:charge": {
    "class": "org.openhab.core.thing.link.ItemChannelLink",
    "value": {
      "channelUID": {
        "segments": [
          "mqtt",
          "topic",
          "c4e86adad0",
          "35fd2d9a70",
          "charge"
        ],
        "uid": "mqtt:topic:c4e86adad0:35fd2d9a70:charge"
      },
      "configuration": {
        "properties": {}
      },
      "itemName": "EcobotDeebotMQTT_Charge"
    }
  },
  "BasementOfficeThermostat_humidity -\u003e http:url:f209d0fd6b:humidity": {
    "class": "org.openhab.core.thing.link.ItemChannelLink",
    "value": {
      "channelUID": {
        "segments": [
          "http",
          "url",
          "f209d0fd6b",
          "humidity"
        ],
        "uid": "http:url:f209d0fd6b:humidity"
      },
      "configuration": {
        "properties": {}
      },
      "itemName": "BasementOfficeThermostat_humidity"
    }
  },
  "Light6_Toggle -\u003e hue:group:ecb5fa0d8680:2:switch": {
    "class": "org.openhab.core.thing.link.ItemChannelLink",
    "value": {
      "channelUID": {
        "segments": [
          "hue",
          "group",
          "ecb5fa0d8680",
          "2",
          "switch"
        ]
      },
      "configuration": {
        "properties": {
          "profile": "system:default"
        }
      },
      "itemName": "Light6_Toggle"
    }
  },
  "Temp_Tate_BR -\u003e http:url:5a7ee5f906:temp": {
    "class": "org.openhab.core.thing.link.ItemChannelLink",
    "value": {
      "channelUID": {
        "segments": [
          "http",
          "url",
          "5a7ee5f906",
          "temp"
        ],
        "uid": "http:url:5a7ee5f906:temp"
      },
      "configuration": {
        "properties": {}
      },
      "itemName": "Temp_Tate_BR"
    }
  },
  "NetworkUPSTool_InputLoad -\u003e networkupstools:ups:c831c78a86:inputLoad": {
    "class": "org.openhab.core.thing.link.ItemChannelLink",
    "value": {
      "channelUID": {
        "segments": [
          "networkupstools",
          "ups",
          "c831c78a86",
          "inputLoad"
        ],
        "uid": "networkupstools:ups:c831c78a86:inputLoad"
      },
      "configuration": {
        "properties": {}
      },
      "itemName": "NetworkUPSTool_InputLoad"
    }
  },
  "Temp_Lexi_BR -\u003e http:url:Lexi_Thermo:temp": {
    "class": "org.openhab.core.thing.link.ItemChannelLink",
    "value": {
      "channelUID": {
        "segments": [
          "http",
          "url",
          "Lexi_Thermo",
          "temp"
        ],
        "uid": "http:url:Lexi_Thermo:temp"
      },
      "configuration": {
        "properties": {
          "profile": "system:default"
        }
      },
      "itemName": "Temp_Lexi_BR"
    }
  },
  "MasterBedroomThermostat_temp -\u003e http:url:927b039190:temp": {
    "class": "org.openhab.core.thing.link.ItemChannelLink",
    "value": {
      "channelUID": {
        "segments": [
          "http",
          "url",
          "927b039190",
          "temp"
        ],
        "uid": "http:url:927b039190:temp"
      },
      "configuration": {
        "properties": {}
      },
      "itemName": "MasterBedroomThermostat_temp"
    }
  },
  "Weather2thing_weathertry2chan -\u003e http:url:9439bb06a3:weathher2chan": {
    "class": "org.openhab.core.thing.link.ItemChannelLink",
    "value": {
      "channelUID": {
        "segments": [
          "http",
          "url",
          "9439bb06a3",
          "weathher2chan"
        ],
        "uid": "http:url:9439bb06a3:weathher2chan"
      },
      "configuration": {
        "properties": {
          "function": "\\\\d*.\\\\d*",
          "profile": "transform:REGEX"
        }
      },
      "itemName": "Weather2thing_weathertry2chan"
    }
  },
  "SonosOneSLBedroom_MediaControl -\u003e sonos:OneSL:RINCON_5CAAFDCBAB2601400:control": {
    "class": "org.openhab.core.thing.link.ItemChannelLink",
    "value": {
      "channelUID": {
        "segments": [
          "sonos",
          "OneSL",
          "RINCON_5CAAFDCBAB2601400",
          "control"
        ],
        "uid": "sonos:OneSL:RINCON_5CAAFDCBAB2601400:control"
      },
      "configuration": {
        "properties": {}
      },
      "itemName": "SonosOneSLBedroom_MediaControl"
    }
  },
  "Weather_Tomorrow_Min -\u003e openweathermap:weather-and-forecast:beb9ef9457:local:forecastHours24#min-temperature": {
    "class": "org.openhab.core.thing.link.ItemChannelLink",
    "value": {
      "channelUID": {
        "segments": [
          "openweathermap",
          "weather-and-forecast",
          "beb9ef9457",
          "local",
          "forecastHours24#min-temperature"
        ],
        "uid": "openweathermap:weather-and-forecast:beb9ef9457:local:forecastHours24#min-temperature"
      },
      "configuration": {
        "properties": {}
      },
      "itemName": "Weather_Tomorrow_Min"
    }
  },
  "thermotemp -\u003e exec:command:1247c0bac8:run": {
    "class": "org.openhab.core.thing.link.ItemChannelLink",
    "value": {
      "channelUID": {
        "segments": [
          "exec",
          "command",
          "1247c0bac8",
          "run"
        ],
        "uid": "exec:command:1247c0bac8:run"
      },
      "configuration": {
        "properties": {}
      },
      "itemName": "thermotemp"
    }
  },
  "mbrTemp2 -\u003e http:url:927b039190:temp": {
    "class": "org.openhab.core.thing.link.ItemChannelLink",
    "value": {
      "channelUID": {
        "segments": [
          "http",
          "url",
          "927b039190",
          "temp"
        ],
        "uid": "http:url:927b039190:temp"
      },
      "configuration": {
        "properties": {}
      },
      "itemName": "mbrTemp2"
    }
  },
  "SonosPlay1Kitchen_CurrentAlbumCoverArt -\u003e sonos:PLAY1:RINCON_347E5CCA76B001400:currentalbumart": {
    "class": "org.openhab.core.thing.link.ItemChannelLink",
    "value": {
      "channelUID": {
        "segments": [
          "sonos",
          "PLAY1",
          "RINCON_347E5CCA76B001400",
          "currentalbumart"
        ],
        "uid": "sonos:PLAY1:RINCON_347E5CCA76B001400:currentalbumart"
      },
      "configuration": {
        "properties": {}
      },
      "itemName": "SonosPlay1Kitchen_CurrentAlbumCoverArt"
    }
  },
  "EcobotDeebotMQTT_CleanState -\u003e mqtt:topic:c4e86adad0:35fd2d9a70:cleanState": {
    "class": "org.openhab.core.thing.link.ItemChannelLink",
    "value": {
      "channelUID": {
        "segments": [
          "mqtt",
          "topic",
          "c4e86adad0",
          "35fd2d9a70",
          "cleanState"
        ],
        "uid": "mqtt:topic:c4e86adad0:35fd2d9a70:cleanState"
      },
      "configuration": {
        "properties": {}
      },
      "itemName": "EcobotDeebotMQTT_CleanState"
    }
  },
  "EcobotDeebotMQTT_BatteryState -\u003e mqtt:topic:c4e86adad0:35fd2d9a70:batteryState": {
    "class": "org.openhab.core.thing.link.ItemChannelLink",
    "value": {
      "channelUID": {
        "segments": [
          "mqtt",
          "topic",
          "c4e86adad0",
          "35fd2d9a70",
          "batteryState"
        ],
        "uid": "mqtt:topic:c4e86adad0:35fd2d9a70:batteryState"
      },
      "configuration": {
        "properties": {}
      },
      "itemName": "EcobotDeebotMQTT_BatteryState"
    }
  },
  "thermotemp -\u003e exec:command:1247c0bac8:output": {
    "class": "org.openhab.core.thing.link.ItemChannelLink",
    "value": {
      "channelUID": {
        "segments": [
          "exec",
          "command",
          "1247c0bac8",
          "output"
        ],
        "uid": "exec:command:1247c0bac8:output"
      },
      "configuration": {
        "properties": {}
      },
      "itemName": "thermotemp"
    }
  },
  "Weather_Temperature -\u003e openweathermap:weather-and-forecast:beb9ef9457:local:current#temperature": {
    "class": "org.openhab.core.thing.link.ItemChannelLink",
    "value": {
      "channelUID": {
        "segments": [
          "openweathermap",
          "weather-and-forecast",
          "beb9ef9457",
          "local",
          "current#temperature"
        ],
        "uid": "openweathermap:weather-and-forecast:beb9ef9457:local:current#temperature"
      },
      "configuration": {
        "properties": {}
      },
      "itemName": "Weather_Temperature"
    }
  },
  "SonosBeamLivingRoom_Mute -\u003e sonos:Beam:RINCON_347E5C9D2F1801400:mute": {
    "class": "org.openhab.core.thing.link.ItemChannelLink",
    "value": {
      "channelUID": {
        "segments": [
          "sonos",
          "Beam",
          "RINCON_347E5C9D2F1801400",
          "mute"
        ],
        "uid": "sonos:Beam:RINCON_347E5C9D2F1801400:mute"
      },
      "configuration": {
        "properties": {}
      },
      "itemName": "SonosBeamLivingRoom_Mute"
    }
  },
  "Weather_Condition -\u003e openweathermap:weather-and-forecast:beb9ef9457:local:current#condition": {
    "class": "org.openhab.core.thing.link.ItemChannelLink",
    "value": {
      "channelUID": {
        "segments": [
          "openweathermap",
          "weather-and-forecast",
          "beb9ef9457",
          "local",
          "current#condition"
        ],
        "uid": "openweathermap:weather-and-forecast:beb9ef9457:local:current#condition"
      },
      "configuration": {
        "properties": {}
      },
      "itemName": "Weather_Condition"
    }
  },
  "UPSthing_UPSAlarm -\u003e networkupstools:ups:c831c78a86:upsAlarm": {
    "class": "org.openhab.core.thing.link.ItemChannelLink",
    "value": {
      "channelUID": {
        "segments": [
          "networkupstools",
          "ups",
          "c831c78a86",
          "upsAlarm"
        ],
        "uid": "networkupstools:ups:c831c78a86:upsAlarm"
      },
      "configuration": {
        "properties": {}
      },
      "itemName": "UPSthing_UPSAlarm"
    }
  },
  "SonosPlay1Kitchen_CurrentAlbum -\u003e sonos:PLAY1:RINCON_347E5CCA76B001400:currentalbum": {
    "class": "org.openhab.core.thing.link.ItemChannelLink",
    "value": {
      "channelUID": {
        "segments": [
          "sonos",
          "PLAY1",
          "RINCON_347E5CCA76B001400",
          "currentalbum"
        ],
        "uid": "sonos:PLAY1:RINCON_347E5CCA76B001400:currentalbum"
      },
      "configuration": {
        "properties": {}
      },
      "itemName": "SonosPlay1Kitchen_CurrentAlbum"
    }
  },
  "SonosPlay1Kitchen_MediaTitle -\u003e sonos:PLAY1:RINCON_347E5CCA76B001400:currenttitle": {
    "class": "org.openhab.core.thing.link.ItemChannelLink",
    "value": {
      "channelUID": {
        "segments": [
          "sonos",
          "PLAY1",
          "RINCON_347E5CCA76B001400",
          "currenttitle"
        ],
        "uid": "sonos:PLAY1:RINCON_347E5CCA76B001400:currenttitle"
      },
      "configuration": {
        "properties": {}
      },
      "itemName": "SonosPlay1Kitchen_MediaTitle"
    }
  },
  "SonosOneSLBedroom_MediaTitle -\u003e sonos:OneSL:RINCON_5CAAFDCBAB2601400:currenttitle": {
    "class": "org.openhab.core.thing.link.ItemChannelLink",
    "value": {
      "channelUID": {
        "segments": [
          "sonos",
          "OneSL",
          "RINCON_5CAAFDCBAB2601400",
          "currenttitle"
        ],
        "uid": "sonos:OneSL:RINCON_5CAAFDCBAB2601400:currenttitle"
      },
      "configuration": {
        "properties": {}
      },
      "itemName": "SonosOneSLBedroom_MediaTitle"
    }
  },
  "SonosOneSLBedroom_Volume -\u003e sonos:OneSL:RINCON_5CAAFDCBAB2601400:volume": {
    "class": "org.openhab.core.thing.link.ItemChannelLink",
    "value": {
      "channelUID": {
        "segments": [
          "sonos",
          "OneSL",
          "RINCON_5CAAFDCBAB2601400",
          "volume"
        ],
        "uid": "sonos:OneSL:RINCON_5CAAFDCBAB2601400:volume"
      },
      "configuration": {
        "properties": {}
      },
      "itemName": "SonosOneSLBedroom_Volume"
    }
  },
  "MasterBedroomTempThing_temp -\u003e http:url:927b039190:temp": {
    "class": "org.openhab.core.thing.link.ItemChannelLink",
    "value": {
      "channelUID": {
        "segments": [
          "http",
          "url",
          "927b039190",
          "temp"
        ],
        "uid": "http:url:927b039190:temp"
      },
      "configuration": {
        "properties": {}
      },
      "itemName": "MasterBedroomTempThing_temp"
    }
  },
  "SonosBeamLivingRoom_CurrentAlbum -\u003e sonos:Beam:RINCON_347E5C9D2F1801400:currentalbum": {
    "class": "org.openhab.core.thing.link.ItemChannelLink",
    "value": {
      "channelUID": {
        "segments": [
          "sonos",
          "Beam",
          "RINCON_347E5C9D2F1801400",
          "currentalbum"
        ],
        "uid": "sonos:Beam:RINCON_347E5C9D2F1801400:currentalbum"
      },
      "configuration": {
        "properties": {}
      },
      "itemName": "SonosBeamLivingRoom_CurrentAlbum"
    }
  },
  "SonosOneSLBedroom_CurrentAlbumCoverArt -\u003e sonos:OneSL:RINCON_5CAAFDCBAB2601400:currentalbumart": {
    "class": "org.openhab.core.thing.link.ItemChannelLink",
    "value": {
      "channelUID": {
        "segments": [
          "sonos",
          "OneSL",
          "RINCON_5CAAFDCBAB2601400",
          "currentalbumart"
        ],
        "uid": "sonos:OneSL:RINCON_5CAAFDCBAB2601400:currentalbumart"
      },
      "configuration": {
        "properties": {}
      },
      "itemName": "SonosOneSLBedroom_CurrentAlbumCoverArt"
    }
  },
  "NetworkUPSTool_BatteryCharge -\u003e networkupstools:ups:c831c78a86:batteryCharge": {
    "class": "org.openhab.core.thing.link.ItemChannelLink",
    "value": {
      "channelUID": {
        "segments": [
          "networkupstools",
          "ups",
          "c831c78a86",
          "batteryCharge"
        ],
        "uid": "networkupstools:ups:c831c78a86:batteryCharge"
      },
      "configuration": {
        "properties": {}
      },
      "itemName": "NetworkUPSTool_BatteryCharge"
    }
  },
  "RH_Tate_BR -\u003e http:url:5a7ee5f906:rh": {
    "class": "org.openhab.core.thing.link.ItemChannelLink",
    "value": {
      "channelUID": {
        "segments": [
          "http",
          "url",
          "5a7ee5f906",
          "rh"
        ],
        "uid": "http:url:5a7ee5f906:rh"
      },
      "configuration": {
        "properties": {}
      },
      "itemName": "RH_Tate_BR"
    }
  },
  "TateThermo_Humidity -\u003e http:url:5a7ee5f906:rh": {
    "class": "org.openhab.core.thing.link.ItemChannelLink",
    "value": {
      "channelUID": {
        "segments": [
          "http",
          "url",
          "5a7ee5f906",
          "rh"
        ],
        "uid": "http:url:5a7ee5f906:rh"
      },
      "configuration": {
        "properties": {}
      },
      "itemName": "TateThermo_Humidity"
    }
  },
  "SonosBeamLivingRoom_Volume -\u003e sonos:Beam:RINCON_347E5C9D2F1801400:volume": {
    "class": "org.openhab.core.thing.link.ItemChannelLink",
    "value": {
      "channelUID": {
        "segments": [
          "sonos",
          "Beam",
          "RINCON_347E5C9D2F1801400",
          "volume"
        ],
        "uid": "sonos:Beam:RINCON_347E5C9D2F1801400:volume"
      },
      "configuration": {
        "properties": {}
      },
      "itemName": "SonosBeamLivingRoom_Volume"
    }
  },
  "SonosBeamLivingRoom_MediaArtist -\u003e sonos:Beam:RINCON_347E5C9D2F1801400:currentartist": {
    "class": "org.openhab.core.thing.link.ItemChannelLink",
    "value": {
      "channelUID": {
        "segments": [
          "sonos",
          "Beam",
          "RINCON_347E5C9D2F1801400",
          "currentartist"
        ],
        "uid": "sonos:Beam:RINCON_347E5C9D2F1801400:currentartist"
      },
      "configuration": {
        "properties": {}
      },
      "itemName": "SonosBeamLivingRoom_MediaArtist"
    }
  },
  "UPSthing_UPSRealpower -\u003e networkupstools:ups:c831c78a86:upsRealpower": {
    "class": "org.openhab.core.thing.link.ItemChannelLink",
    "value": {
      "channelUID": {
        "segments": [
          "networkupstools",
          "ups",
          "c831c78a86",
          "upsRealpower"
        ],
        "uid": "networkupstools:ups:c831c78a86:upsRealpower"
      },
      "configuration": {
        "properties": {}
      },
      "itemName": "UPSthing_UPSRealpower"
    }
  },
  "Weather_Humidity -\u003e openweathermap:weather-and-forecast:beb9ef9457:local:current#humidity": {
    "class": "org.openhab.core.thing.link.ItemChannelLink",
    "value": {
      "channelUID": {
        "segments": [
          "openweathermap",
          "weather-and-forecast",
          "beb9ef9457",
          "local",
          "current#humidity"
        ],
        "uid": "openweathermap:weather-and-forecast:beb9ef9457:local:current#humidity"
      },
      "configuration": {
        "properties": {}
      },
      "itemName": "Weather_Humidity"
    }
  },
  "Humidity_MBR -\u003e http:url:927b039190:rh": {
    "class": "org.openhab.core.thing.link.ItemChannelLink",
    "value": {
      "channelUID": {
        "segments": [
          "http",
          "url",
          "927b039190",
          "rh"
        ],
        "uid": "http:url:927b039190:rh"
      },
      "configuration": {
        "properties": {}
      },
      "itemName": "Humidity_MBR"
    }
  },
  "SonosBeamLivingRoom_CurrentAlbumCoverArt -\u003e sonos:Beam:RINCON_347E5C9D2F1801400:currentalbumart": {
    "class": "org.openhab.core.thing.link.ItemChannelLink",
    "value": {
      "channelUID": {
        "segments": [
          "sonos",
          "Beam",
          "RINCON_347E5C9D2F1801400",
          "currentalbumart"
        ],
        "uid": "sonos:Beam:RINCON_347E5C9D2F1801400:currentalbumart"
      },
      "configuration": {
        "properties": {}
      },
      "itemName": "SonosBeamLivingRoom_CurrentAlbumCoverArt"
    }
  },
  "Weather_Temperature -\u003e http:url:2c4dc59e09:Weather_Temperature": {
    "class": "org.openhab.core.thing.link.ItemChannelLink",
    "value": {
      "channelUID": {
        "segments": [
          "http",
          "url",
          "2c4dc59e09",
          "Weather_Temperature"
        ],
        "uid": "http:url:2c4dc59e09:Weather_Temperature"
      },
      "configuration": {
        "properties": {
          "sourceFormat": "%f",
          "function": "$.main.temp",
          "profile": "transform:JSONPATH"
        }
      },
      "itemName": "Weather_Temperature"
    }
  },
  "UPSthing_InputLoad -\u003e networkupstools:ups:c831c78a86:inputLoad": {
    "class": "org.openhab.core.thing.link.ItemChannelLink",
    "value": {
      "channelUID": {
        "segments": [
          "networkupstools",
          "ups",
          "c831c78a86",
          "inputLoad"
        ],
        "uid": "networkupstools:ups:c831c78a86:inputLoad"
      },
      "configuration": {
        "properties": {}
      },
      "itemName": "UPSthing_InputLoad"
    }
  },
  "LivingroomRoom_Scene -\u003e hue:group:ecb5fa0d8680:3:scene": {
    "class": "org.openhab.core.thing.link.ItemChannelLink",
    "value": {
      "channelUID": {
        "segments": [
          "hue",
          "group",
          "ecb5fa0d8680",
          "3",
          "scene"
        ],
        "uid": "hue:group:ecb5fa0d8680:3:scene"
      },
      "configuration": {
        "properties": {}
      },
      "itemName": "LivingroomRoom_Scene"
    }
  },
  "SonosBeamLivingRoom_MediaTitle -\u003e sonos:Beam:RINCON_347E5C9D2F1801400:currenttitle": {
    "class": "org.openhab.core.thing.link.ItemChannelLink",
    "value": {
      "channelUID": {
        "segments": [
          "sonos",
          "Beam",
          "RINCON_347E5C9D2F1801400",
          "currenttitle"
        ],
        "uid": "sonos:Beam:RINCON_347E5C9D2F1801400:currenttitle"
      },
      "configuration": {
        "properties": {}
      },
      "itemName": "SonosBeamLivingRoom_MediaTitle"
    }
  },
  "thermotemp -\u003e exec:command:1247c0bac8:lastexecution": {
    "class": "org.openhab.core.thing.link.ItemChannelLink",
    "value": {
      "channelUID": {
        "segments": [
          "exec",
          "command",
          "1247c0bac8",
          "lastexecution"
        ],
        "uid": "exec:command:1247c0bac8:lastexecution"
      },
      "configuration": {
        "properties": {
          "profile": "system:default"
        }
      },
      "itemName": "thermotemp"
    }
  },
  "thermotemp -\u003e exec:command:1247c0bac8:exit": {
    "class": "org.openhab.core.thing.link.ItemChannelLink",
    "value": {
      "channelUID": {
        "segments": [
          "exec",
          "command",
          "1247c0bac8",
          "exit"
        ],
        "uid": "exec:command:1247c0bac8:exit"
      },
      "configuration": {
        "properties": {}
      },
      "itemName": "thermotemp"
    }
  },
  "SonosOneSLBedroom_CurrentAlbum -\u003e sonos:OneSL:RINCON_5CAAFDCBAB2601400:currentalbum": {
    "class": "org.openhab.core.thing.link.ItemChannelLink",
    "value": {
      "channelUID": {
        "segments": [
          "sonos",
          "OneSL",
          "RINCON_5CAAFDCBAB2601400",
          "currentalbum"
        ],
        "uid": "sonos:OneSL:RINCON_5CAAFDCBAB2601400:currentalbum"
      },
      "configuration": {
        "properties": {}
      },
      "itemName": "SonosOneSLBedroom_CurrentAlbum"
    }
  },
  "NetworkUPSTool_UPSStatus -\u003e networkupstools:ups:c831c78a86:upsStatus": {
    "class": "org.openhab.core.thing.link.ItemChannelLink",
    "value": {
      "channelUID": {
        "segments": [
          "networkupstools",
          "ups",
          "c831c78a86",
          "upsStatus"
        ],
        "uid": "networkupstools:ups:c831c78a86:upsStatus"
      },
      "configuration": {
        "properties": {}
      },
      "itemName": "NetworkUPSTool_UPSStatus"
    }
  },
  "Light6_Dimmer -\u003e hue:group:ecb5fa0d8680:2:brightness": {
    "class": "org.openhab.core.thing.link.ItemChannelLink",
    "value": {
      "channelUID": {
        "segments": [
          "hue",
          "group",
          "ecb5fa0d8680",
          "2",
          "brightness"
        ]
      },
      "configuration": {
        "properties": {
          "profile": "system:default"
        }
      },
      "itemName": "Light6_Dimmer"
    }
  },
  "NetworkUPSTool_UPSAlarm -\u003e networkupstools:ups:c831c78a86:upsAlarm": {
    "class": "org.openhab.core.thing.link.ItemChannelLink",
    "value": {
      "channelUID": {
        "segments": [
          "networkupstools",
          "ups",
          "c831c78a86",
          "upsAlarm"
        ],
        "uid": "networkupstools:ups:c831c78a86:upsAlarm"
      },
      "configuration": {
        "properties": {}
      },
      "itemName": "NetworkUPSTool_UPSAlarm"
    }
  },
  "NetworkUPSTool_UPSRealpower -\u003e networkupstools:ups:c831c78a86:upsRealpower": {
    "class": "org.openhab.core.thing.link.ItemChannelLink",
    "value": {
      "channelUID": {
        "segments": [
          "networkupstools",
          "ups",
          "c831c78a86",
          "upsRealpower"
        ],
        "uid": "networkupstools:ups:c831c78a86:upsRealpower"
      },
      "configuration": {
        "properties": {}
      },
      "itemName": "NetworkUPSTool_UPSRealpower"
    }
  },
  "EcobotDeebotMQTT_CleanCustomArea -\u003e mqtt:topic:c4e86adad0:35fd2d9a70:cleanCustomArea": {
    "class": "org.openhab.core.thing.link.ItemChannelLink",
    "value": {
      "channelUID": {
        "segments": [
          "mqtt",
          "topic",
          "c4e86adad0",
          "35fd2d9a70",
          "cleanCustomArea"
        ],
        "uid": "mqtt:topic:c4e86adad0:35fd2d9a70:cleanCustomArea"
      },
      "configuration": {
        "properties": {}
      },
      "itemName": "EcobotDeebotMQTT_CleanCustomArea"
    }
  },
  "UPSthing_BatteryCharge -\u003e networkupstools:ups:c831c78a86:batteryCharge": {
    "class": "org.openhab.core.thing.link.ItemChannelLink",
    "value": {
      "channelUID": {
        "segments": [
          "networkupstools",
          "ups",
          "c831c78a86",
          "batteryCharge"
        ],
        "uid": "networkupstools:ups:c831c78a86:batteryCharge"
      },
      "configuration": {
        "properties": {}
      },
      "itemName": "UPSthing_BatteryCharge"
    }
  },
  "UPS_load_chan -\u003e exec:command:c0faed21bb:output": {
    "class": "org.openhab.core.thing.link.ItemChannelLink",
    "value": {
      "channelUID": {
        "segments": [
          "exec",
          "command",
          "c0faed21bb",
          "output"
        ],
        "uid": "exec:command:c0faed21bb:output"
      },
      "configuration": {
        "properties": {
          "function": "ups.load: ([0-9]+))",
          "profile": "transform:REGEX"
        }
      },
      "itemName": "UPS_load_chan"
    }
  },
  "Humidity_Lexi_BR -\u003e http:url:Lexi_Thermo:rh": {
    "class": "org.openhab.core.thing.link.ItemChannelLink",
    "value": {
      "channelUID": {
        "segments": [
          "http",
          "url",
          "Lexi_Thermo",
          "rh"
        ],
        "uid": "http:url:Lexi_Thermo:rh"
      },
      "configuration": {
        "properties": {}
      },
      "itemName": "Humidity_Lexi_BR"
    }
  },
  "UPSthing_BatteryRuntime -\u003e networkupstools:ups:c831c78a86:batteryRuntime": {
    "class": "org.openhab.core.thing.link.ItemChannelLink",
    "value": {
      "channelUID": {
        "segments": [
          "networkupstools",
          "ups",
          "c831c78a86",
          "batteryRuntime"
        ],
        "uid": "networkupstools:ups:c831c78a86:batteryRuntime"
      },
      "configuration": {
        "properties": {}
      },
      "itemName": "UPSthing_BatteryRuntime"
    }
  },
  "UPSthing_UPSStatus -\u003e networkupstools:ups:c831c78a86:upsStatus": {
    "class": "org.openhab.core.thing.link.ItemChannelLink",
    "value": {
      "channelUID": {
        "segments": [
          "networkupstools",
          "ups",
          "c831c78a86",
          "upsStatus"
        ],
        "uid": "networkupstools:ups:c831c78a86:upsStatus"
      },
      "configuration": {
        "properties": {}
      },
      "itemName": "UPSthing_UPSStatus"
    }
  },
  "UPSthing_Ups_Load -\u003e networkupstools:ups:c831c78a86:ups_load": {
    "class": "org.openhab.core.thing.link.ItemChannelLink",
    "value": {
      "channelUID": {
        "segments": [
          "networkupstools",
          "ups",
          "c831c78a86",
          "ups_load"
        ],
        "uid": "networkupstools:ups:c831c78a86:ups_load"
      },
      "configuration": {
        "properties": {}
      },
      "itemName": "UPSthing_Ups_Load"
    }
  },
  "SonosOneSLBedroom_MediaArtist -\u003e sonos:OneSL:RINCON_5CAAFDCBAB2601400:currentartist": {
    "class": "org.openhab.core.thing.link.ItemChannelLink",
    "value": {
      "channelUID": {
        "segments": [
          "sonos",
          "OneSL",
          "RINCON_5CAAFDCBAB2601400",
          "currentartist"
        ],
        "uid": "sonos:OneSL:RINCON_5CAAFDCBAB2601400:currentartist"
      },
      "configuration": {
        "properties": {}
      },
      "itemName": "SonosOneSLBedroom_MediaArtist"
    }
  },
  "NetworkUPSTool_BatteryRuntime -\u003e networkupstools:ups:c831c78a86:batteryRuntime": {
    "class": "org.openhab.core.thing.link.ItemChannelLink",
    "value": {
      "channelUID": {
        "segments": [
          "networkupstools",
          "ups",
          "c831c78a86",
          "batteryRuntime"
        ],
        "uid": "networkupstools:ups:c831c78a86:batteryRuntime"
      },
      "configuration": {
        "properties": {}
      },
      "itemName": "NetworkUPSTool_BatteryRuntime"
    }
  },
  "EcobotDeebotMQTT_StopCleaning -\u003e mqtt:topic:c4e86adad0:35fd2d9a70:stopCleaning": {
    "class": "org.openhab.core.thing.link.ItemChannelLink",
    "value": {
      "channelUID": {
        "segments": [
          "mqtt",
          "topic",
          "c4e86adad0",
          "35fd2d9a70",
          "stopCleaning"
        ],
        "uid": "mqtt:topic:c4e86adad0:35fd2d9a70:stopCleaning"
      },
      "configuration": {
        "properties": {}
      },
      "itemName": "EcobotDeebotMQTT_StopCleaning"
    }
  },
  "SonosOneSLBedroom_Mute -\u003e sonos:OneSL:RINCON_5CAAFDCBAB2601400:mute": {
    "class": "org.openhab.core.thing.link.ItemChannelLink",
    "value": {
      "channelUID": {
        "segments": [
          "sonos",
          "OneSL",
          "RINCON_5CAAFDCBAB2601400",
          "mute"
        ],
        "uid": "sonos:OneSL:RINCON_5CAAFDCBAB2601400:mute"
      },
      "configuration": {
        "properties": {}
      },
      "itemName": "SonosOneSLBedroom_Mute"
    }
  },
  "Temp_MBR -\u003e http:url:927b039190:temp": {
    "class": "org.openhab.core.thing.link.ItemChannelLink",
    "value": {
      "channelUID": {
        "segments": [
          "http",
          "url",
          "927b039190",
          "temp"
        ],
        "uid": "http:url:927b039190:temp"
      },
      "configuration": {
        "properties": {}
      },
      "itemName": "Temp_MBR"
    }
  },
  "SonosPlay1Kitchen_ZoneName -\u003e sonos:PLAY1:RINCON_347E5CCA76B001400:zonename": {
    "class": "org.openhab.core.thing.link.ItemChannelLink",
    "value": {
      "channelUID": {
        "segments": [
          "sonos",
          "PLAY1",
          "RINCON_347E5CCA76B001400",
          "zonename"
        ],
        "uid": "sonos:PLAY1:RINCON_347E5CCA76B001400:zonename"
      },
      "configuration": {
        "properties": {}
      },
      "itemName": "SonosPlay1Kitchen_ZoneName"
    }
  },
  "Light6_Dimmer -\u003e hue:0100:ecb5fa0d8680:25:brightness": {
    "class": "org.openhab.core.thing.link.ItemChannelLink",
    "value": {
      "channelUID": {
        "segments": [
          "hue",
          "0100",
          "ecb5fa0d8680",
          "25",
          "brightness"
        ]
      },
      "configuration": {
        "properties": {
          "profile": "system:default"
        }
      },
      "itemName": "Light6_Dimmer"
    }
  },
  "Garageoverhead_Power -\u003e tplinksmarthome:hs200:2F5B06:switch": {
    "class": "org.openhab.core.thing.link.ItemChannelLink",
    "value": {
      "channelUID": {
        "segments": [
          "tplinksmarthome",
          "hs200",
          "2F5B06",
          "switch"
        ],
        "uid": "tplinksmarthome:hs200:2F5B06:switch"
      },
      "configuration": {
        "properties": {}
      },
      "itemName": "Garageoverhead_Power"
    }
  },
  "SonosBeamLivingRoom_MediaControl -\u003e sonos:Beam:RINCON_347E5C9D2F1801400:control": {
    "class": "org.openhab.core.thing.link.ItemChannelLink",
    "value": {
      "channelUID": {
        "segments": [
          "sonos",
          "Beam",
          "RINCON_347E5C9D2F1801400",
          "control"
        ],
        "uid": "sonos:Beam:RINCON_347E5C9D2F1801400:control"
      },
      "configuration": {
        "properties": {}
      },
      "itemName": "SonosBeamLivingRoom_MediaControl"
    }
  },
  "BasementOfficeThermostat_temperature -\u003e http:url:f209d0fd6b:temperature": {
    "class": "org.openhab.core.thing.link.ItemChannelLink",
    "value": {
      "channelUID": {
        "segments": [
          "http",
          "url",
          "f209d0fd6b",
          "temperature"
        ],
        "uid": "http:url:f209d0fd6b:temperature"
      },
      "configuration": {
        "properties": {}
      },
      "itemName": "BasementOfficeThermostat_temperature"
    }
  },
  "SonosPlay1Kitchen_Mute -\u003e sonos:PLAY1:RINCON_347E5CCA76B001400:mute": {
    "class": "org.openhab.core.thing.link.ItemChannelLink",
    "value": {
      "channelUID": {
        "segments": [
          "sonos",
          "PLAY1",
          "RINCON_347E5CCA76B001400",
          "mute"
        ],
        "uid": "sonos:PLAY1:RINCON_347E5CCA76B001400:mute"
      },
      "configuration": {
        "properties": {}
      },
      "itemName": "SonosPlay1Kitchen_Mute"
    }
  },
  "EcobotDeebotMQTT_Pause -\u003e mqtt:topic:c4e86adad0:35fd2d9a70:pause": {
    "class": "org.openhab.core.thing.link.ItemChannelLink",
    "value": {
      "channelUID": {
        "segments": [
          "mqtt",
          "topic",
          "c4e86adad0",
          "35fd2d9a70",
          "pause"
        ],
        "uid": "mqtt:topic:c4e86adad0:35fd2d9a70:pause"
      },
      "configuration": {
        "properties": {}
      },
      "itemName": "EcobotDeebotMQTT_Pause"
    }
  },
  "MasterBedroomThermostat_Humidity -\u003e http:url:927b039190:rh": {
    "class": "org.openhab.core.thing.link.ItemChannelLink",
    "value": {
      "channelUID": {
        "segments": [
          "http",
          "url",
          "927b039190",
          "rh"
        ],
        "uid": "http:url:927b039190:rh"
      },
      "configuration": {
        "properties": {}
      },
      "itemName": "MasterBedroomThermostat_Humidity"
    }
  }
}