{
  "overview": {
    "class": "org.openhab.core.ui.components.RootUIComponent",
    "value": {
      "uid": "overview",
      "timestamp": "Aug 11, 2021, 10:42:20 AM",
      "component": "oh-layout-page",
      "config": {
        "label": "Overview",
        "layoutType": "responsive"
      },
      "slots": {
        "default": [],
        "masonry": [
          {
            "component": "oh-masonry",
            "slots": {
              "default": [
                {
                  "component": "oh-label-card",
                  "config": {
                    "action": "navigate",
                    "actionPage": "page:page_43dcf7619a",
                    "noBorder": true,
                    "outline": true,
                    "item": "Temp_Kitchen_Thermo",
                    "trendItem": "Temp_Kitchen_Thermo",
                    "background": "lightblue",
                    "label": "Details"
                  }
                },
                {
                  "component": "oh-toggle-card",
                  "config": {
                    "item": "All_Lights_Group_Toggle",
                    "title": "All lights"
                  }
                },
                {
                  "component": "oh-list-card",
                  "config": {},
                  "slots": {
                    "default": [
                      {
                        "component": "oh-list-item",
                        "config": {
                          "title": "Weather"
                        }
                      },
                      {
                        "component": "oh-label-item",
                        "config": {
                          "item": "Weather_Temperature",
                          "title": "Temperature",
                          "icon": "oh:temperature",
                          "iconUseState": true
                        }
                      },
                      {
                        "component": "oh-label-item",
                        "config": {
                          "title": "Humidity",
                          "item": "Weather_Humidity",
                          "icon": "oh:humidity",
                          "iconUseState": true
                        }
                      },
                      {
                        "component": "oh-label-item",
                        "config": {
                          "item": "Weather_Condition",
                          "title": "Currently",
                          "icon": "oh:sun_clouds",
                          "iconUseState": true
                        }
                      },
                      {
                        "component": "oh-list-item",
                        "config": {
                          "title": "Tomorrow"
                        }
                      },
                      {
                        "component": "oh-label-item",
                        "config": {
                          "title": "Min temp",
                          "item": "Weather_Tomorrow_Min",
                          "icon": "oh:temperature"
                        }
                      },
                      {
                        "component": "oh-label-item",
                        "config": {
                          "title": "Max temp",
                          "item": "Weather_Tomorrow_Max",
                          "icon": "oh:temperature"
                        }
                      },
                      {
                        "component": "oh-label-item",
                        "config": {
                          "title": "Forcast",
                          "icon": "oh:sun_clouds",
                          "iconUseState": true,
                          "item": "Weather_Tomorrow_Condition"
                        }
                      }
                    ]
                  }
                },
                {
                  "component": "oh-list-card",
                  "config": {},
                  "slots": {
                    "default": [
                      {
                        "component": "oh-label-item",
                        "config": {
                          "item": "Temp_Lexi_BR",
                          "title": "Lexi\u0027s room"
                        }
                      }
                    ]
                  }
                },
                {
                  "component": "oh-gauge-card",
                  "config": {
                    "item": "EcobotDeebotMQTT_BatteryState",
                    "title": "Vacuum charge"
                  }
                }
              ]
            }
          }
        ]
      }
    }
  },
  "page_73c1666f1a": {
    "class": "org.openhab.core.ui.components.RootUIComponent",
    "value": {
      "uid": "page_73c1666f1a",
      "timestamp": "Aug 6, 2021, 12:00:54 PM",
      "component": "oh-layout-page",
      "config": {
        "layoutType": "responsive",
        "label": "Sonos"
      },
      "slots": {
        "default": [
          {
            "component": "oh-block",
            "config": {},
            "slots": {
              "default": [
                {
                  "component": "oh-grid-row",
                  "config": {},
                  "slots": {
                    "default": [
                      {
                        "component": "oh-grid-col",
                        "config": {},
                        "slots": {
                          "default": [
                            {
                              "component": "oh-image-card",
                              "config": {
                                "title": "Cover art"
                              }
                            }
                          ]
                        }
                      }
                    ]
                  }
                }
              ]
            }
          }
        ],
        "grid": [],
        "masonry": [
          {
            "component": "oh-masonry",
            "slots": {
              "default": []
            }
          }
        ]
      }
    }
  },
  "chartpage1": {
    "class": "org.openhab.core.ui.components.RootUIComponent",
    "value": {
      "uid": "chartpage1",
      "timestamp": "Aug 6, 2021, 9:02:18 AM",
      "component": "oh-chart-page",
      "config": {
        "chartType": "",
        "period": "D",
        "label": "mbrTemp"
      },
      "slots": {
        "grid": [
          {
            "component": "oh-chart-grid",
            "config": {
              "includeLabels": true
            }
          }
        ],
        "xAxis": [
          {
            "component": "oh-time-axis",
            "config": {
              "gridIndex": 0.0
            }
          }
        ],
        "yAxis": [
          {
            "component": "oh-value-axis",
            "config": {
              "gridIndex": 0.0
            }
          }
        ],
        "series": [
          {
            "component": "oh-time-series",
            "config": {
              "name": "Master Bedroom Temp",
              "gridIndex": 0.0,
              "xAxisIndex": 0.0,
              "yAxisIndex": 0.0,
              "type": "line",
              "item": "Temp_MBR",
              "service": "rrd4j"
            }
          }
        ],
        "tooltip": [
          {
            "component": "oh-chart-tooltip",
            "config": {
              "confine": true,
              "smartFormatter": true
            }
          }
        ],
        "legend": [
          {
            "component": "oh-chart-legend",
            "config": {
              "bottom": 3.0,
              "type": "scroll"
            }
          }
        ],
        "dataZoom": [
          {
            "component": "oh-chart-datazoom",
            "config": {
              "type": "inside"
            }
          }
        ],
        "toolbox": [
          {
            "component": "oh-chart-toolbox",
            "config": {
              "show": true,
              "presetFeatures": [
                "dataView"
              ]
            }
          }
        ]
      }
    }
  },
  "page_d7d67b08fe": {
    "class": "org.openhab.core.ui.components.RootUIComponent",
    "value": {
      "uid": "page_d7d67b08fe",
      "timestamp": "Aug 6, 2021, 8:59:53 AM",
      "component": "oh-chart-page",
      "config": {
        "label": "sample_mbr",
        "period": "W"
      },
      "slots": {
        "grid": [
          {
            "component": "oh-chart-grid",
            "config": {}
          },
          {
            "component": "oh-chart-grid",
            "config": {}
          }
        ],
        "xAxis": [
          {
            "component": "oh-time-axis",
            "config": {
              "gridIndex": 0.0
            }
          }
        ],
        "yAxis": [
          {
            "component": "oh-value-axis",
            "config": {
              "gridIndex": 0.0
            }
          }
        ],
        "series": [
          {
            "component": "oh-time-series",
            "config": {
              "name": "Series 1",
              "gridIndex": 0.0,
              "xAxisIndex": 0.0,
              "yAxisIndex": 0.0,
              "type": "line",
              "item": "Temp_MBR"
            }
          }
        ],
        "calendar": [
          {
            "component": "oh-calendar-axis",
            "config": {}
          }
        ]
      }
    }
  },
  "page_d7f7ea2b72": {
    "class": "org.openhab.core.ui.components.RootUIComponent",
    "value": {
      "uid": "page_d7f7ea2b72",
      "timestamp": "Aug 10, 2021, 3:51:23 PM",
      "component": "oh-tabs-page",
      "config": {
        "label": "Tabbed test",
        "visibleTo": [
          "role:administrator",
          "role:user"
        ],
        "sidebar": false
      },
      "slots": {
        "default": [
          {
            "component": "oh-tab",
            "config": {
              "title": "New Tab",
              "icon": "f7:squares_below_rectangle",
              "page": "page:page_c79b31b854"
            },
            "slots": {
              "default": []
            }
          },
          {
            "component": "oh-tab",
            "config": {
              "title": "New Tab",
              "icon": "f7:squares_below_rectangle"
            },
            "slots": {
              "default": []
            }
          }
        ]
      }
    }
  },
  "page_68c159d3b6": {
    "class": "org.openhab.core.ui.components.RootUIComponent",
    "value": {
      "uid": "page_68c159d3b6",
      "timestamp": "Aug 10, 2021, 3:18:02 PM",
      "component": "oh-layout-page",
      "config": {
        "label": "Overview scalable",
        "layoutType": "responsive",
        "sidebar": false,
        "visibleTo": [
          "role:administrator",
          "role:user"
        ]
      },
      "slots": {
        "default": [],
        "grid": [],
        "masonry": [
          {
            "component": "oh-masonry",
            "slots": {
              "default": [
                {
                  "component": "oh-toggle-card",
                  "config": {
                    "title": "Paige\u0027s space lights",
                    "item": "Paige_Space_Group"
                  }
                },
                {
                  "component": "oh-toggle-card",
                  "config": {
                    "title": "Living Room lights",
                    "item": "Living_Room_Group_Toggle",
                    "color": "red"
                  }
                },
                {
                  "component": "oh-toggle-card",
                  "config": {
                    "title": "Master Bedroom Light"
                  }
                }
              ]
            }
          }
        ]
      }
    }
  },
  "page_220f4c426f": {
    "class": "org.openhab.core.ui.components.RootUIComponent",
    "value": {
      "uid": "page_220f4c426f",
      "timestamp": "Aug 9, 2021, 3:56:04 PM",
      "component": "oh-layout-page",
      "config": {
        "label": "L",
        "layoutType": "responsive"
      },
      "slots": {
        "default": [
          {
            "component": "oh-block",
            "config": {},
            "slots": {
              "default": [
                {
                  "component": "oh-grid-cells",
                  "config": {},
                  "slots": {
                    "default": [
                      {
                        "component": "oh-label-cell",
                        "config": {
                          "item": "paigesSpace"
                        }
                      }
                    ]
                  }
                }
              ]
            }
          }
        ],
        "masonry": [
          {
            "component": "oh-masonry",
            "slots": {
              "default": [
                {
                  "component": "oh-list-card",
                  "config": {}
                },
                {
                  "component": "oh-label-card",
                  "config": {}
                }
              ]
            }
          }
        ]
      }
    }
  },
  "page_c79b31b854": {
    "class": "org.openhab.core.ui.components.RootUIComponent",
    "value": {
      "uid": "page_c79b31b854",
      "timestamp": "Aug 7, 2021, 8:31:31 AM",
      "component": "oh-chart-page",
      "config": {
        "label": "ecovac chart",
        "visibleTo": [
          "role:administrator",
          "role:user"
        ],
        "sidebar": true,
        "period": "D"
      },
      "slots": {
        "grid": [
          {
            "component": "oh-chart-grid",
            "config": {
              "show": true,
              "containLabel": true
            }
          }
        ],
        "xAxis": [
          {
            "component": "oh-time-axis",
            "config": {
              "gridIndex": 0.0
            }
          }
        ],
        "yAxis": [
          {
            "component": "oh-value-axis",
            "config": {
              "gridIndex": 0.0
            }
          }
        ],
        "series": [
          {
            "component": "oh-time-series",
            "config": {
              "name": "Series 1",
              "gridIndex": 0.0,
              "xAxisIndex": 0.0,
              "yAxisIndex": 0.0,
              "type": "line",
              "item": "EcobotDeebotMQTT_BatteryState"
            }
          }
        ],
        "dataZoom": [
          {
            "component": "oh-chart-datazoom",
            "config": {
              "show": true,
              "type": "inside",
              "orient": "horizontal"
            }
          }
        ],
        "calendar": [],
        "tooltip": [
          {
            "component": "oh-chart-tooltip",
            "config": {
              "show": true
            }
          }
        ],
        "visualMap": [],
        "toolbox": [
          {
            "component": "oh-chart-toolbox",
            "config": {
              "show": false,
              "presetFeatures": [
                "dataView",
                "dataZoom",
                "magicType"
              ]
            }
          }
        ]
      }
    }
  },
  "page_43dcf7619a": {
    "class": "org.openhab.core.ui.components.RootUIComponent",
    "value": {
      "uid": "page_43dcf7619a",
      "timestamp": "Aug 11, 2021, 8:55:44 AM",
      "component": "oh-layout-page",
      "config": {
        "label": "Details",
        "visibleTo": [
          "role:administrator",
          "role:user"
        ],
        "sidebar": true,
        "layoutType": "responsive"
      },
      "slots": {
        "default": [
          {
            "component": "oh-block",
            "config": {},
            "slots": {
              "default": [
                {
                  "component": "oh-grid-row",
                  "config": {},
                  "slots": {
                    "default": [
                      {
                        "component": "oh-grid-col",
                        "config": {},
                        "slots": {
                          "default": [
                            {
                              "component": "oh-list-card",
                              "config": {
                                "title": "Paige\u0027s Space",
                                "mediaList": true,
                                "noBorder": false,
                                "outline": true
                              },
                              "slots": {
                                "default": [
                                  {
                                    "component": "oh-toggle-item",
                                    "config": {
                                      "title": "Paige\u0027s Space",
                                      "item": "Paige_Space_Group",
                                      "icon": "oh:light"
                                    }
                                  },
                                  {
                                    "component": "oh-slider-item",
                                    "config": {
                                      "title": "Paige\u0027s Space dimmer",
                                      "item": "Paige_Space_Group_Dim",
                                      "icon": "oh:light"
                                    }
                                  },
                                  {
                                    "component": "oh-list-item",
                                    "config": {
                                      "listButton": true,
                                      "title": "Paige\u0027s Space",
                                      "action": "group",
                                      "actionGroupPopupItem": "paigesSpace"
                                    }
                                  }
                                ]
                              }
                            }
                          ]
                        }
                      },
                      {
                        "component": "oh-grid-col",
                        "config": {},
                        "slots": {
                          "default": [
                            {
                              "component": "oh-list-card",
                              "config": {
                                "simpleList": false,
                                "mediaList": true,
                                "title": "Living Room",
                                "outline": true
                              },
                              "slots": {
                                "default": [
                                  {
                                    "component": "oh-toggle-item",
                                    "config": {
                                      "item": "Living_Room_Group_Toggle",
                                      "title": "Living Room lights",
                                      "icon": "oh:light"
                                    }
                                  },
                                  {
                                    "component": "oh-slider-item",
                                    "config": {
                                      "item": "Living_Room_Group_Dimmer",
                                      "title": "Living Room dimmer",
                                      "icon": "oh:light"
                                    }
                                  },
                                  {
                                    "component": "oh-slider-item",
                                    "config": {
                                      "title": "Living Room lights color temp",
                                      "item": "Living_Room_Group_Color_Temp",
                                      "icon": "oh:colorpicker"
                                    }
                                  },
                                  {
                                    "component": "oh-colorpicker-item",
                                    "config": {
                                      "item": "Living_Room_Group_Color",
                                      "title": "Living room color"
                                    }
                                  },
                                  {
                                    "component": "oh-player-item",
                                    "config": {
                                      "item": "SonosBeamLivingRoom_MediaControl",
                                      "artistItem": "SonosBeamLivingRoom_MediaArtist",
                                      "trackItem": "SonosBeamLivingRoom_MediaTitle",
                                      "icon": "f7:music_note",
                                      "title": "Sonos Livingroom"
                                    }
                                  },
                                  {
                                    "component": "oh-label-item",
                                    "config": {
                                      "item": "SonosBeamLivingRoom_MediaTitle",
                                      "title": "title"
                                    }
                                  }
                                ]
                              }
                            }
                          ]
                        }
                      },
                      {
                        "component": "oh-grid-col",
                        "config": {},
                        "slots": {
                          "default": [
                            {
                              "component": "oh-list-card",
                              "config": {
                                "title": "Master Bedroom",
                                "outline": true
                              },
                              "slots": {
                                "default": [
                                  {
                                    "component": "oh-label-item",
                                    "config": {
                                      "item": "Temp_MBR",
                                      "title": "Master Bedroom",
                                      "icon": "oh:temperature",
                                      "action": "navigate",
                                      "actionPage": "page:chartpage1"
                                    }
                                  },
                                  {
                                    "component": "oh-toggle-item",
                                    "config": {
                                      "title": "Master Bedroom Lamp",
                                      "icon": "oh:light",
                                      "item": "Light_MBR_lamp_Color"
                                    }
                                  },
                                  {
                                    "component": "oh-slider-item",
                                    "config": {
                                      "title": "Master Bedroom Lamp",
                                      "icon": "oh:light",
                                      "item": "Light_MBR_lamp_Color"
                                    }
                                  },
                                  {
                                    "component": "oh-colorpicker-item",
                                    "config": {
                                      "title": "Master Bedroom Lamp Color",
                                      "item": "Light_MBR_lamp_Color_Temp"
                                    }
                                  },
                                  {
                                    "component": "oh-player-item",
                                    "config": {
                                      "title": "Sonos Bedroom",
                                      "item": "SonosOneSLBedroom_MediaControl",
                                      "showRewindFFward": false,
                                      "artistItem": "SonosOneSLBedroom_MediaArtist",
                                      "trackItem": "SonosOneSLBedroom_MediaTitle",
                                      "icon": "f7:music_note"
                                    }
                                  },
                                  {
                                    "component": "oh-label-item",
                                    "config": {
                                      "item": "SonosOneSLBedroom_MediaTitle",
                                      "action": "group",
                                      "actionGroupPopupItem": "SonosOneSLBedroom",
                                      "title": "title"
                                    }
                                  },
                                  {
                                    "component": "oh-label-item",
                                    "config": {
                                      "item": "SonosOneSLBedroom_MediaArtist",
                                      "title": "artist"
                                    }
                                  },
                                  {
                                    "component": "oh-slider-item",
                                    "config": {
                                      "title": "volume",
                                      "item": "SonosOneSLBedroom_Volume"
                                    }
                                  }
                                ]
                              }
                            }
                          ]
                        }
                      },
                      {
                        "component": "oh-grid-col",
                        "config": {},
                        "slots": {
                          "default": [
                            {
                              "component": "oh-list-card",
                              "config": {
                                "outline": true,
                                "title": "Kitchen"
                              },
                              "slots": {
                                "default": [
                                  {
                                    "component": "oh-label-item",
                                    "config": {
                                      "item": "Temp_Kitchen_Thermo2",
                                      "title": "Kitchen temp",
                                      "icon": "oh:temperature"
                                    }
                                  },
                                  {
                                    "component": "oh-player-item",
                                    "config": {
                                      "title": "Kitchen sonos",
                                      "item": "SonosPlay1Kitchen_MediaControl",
                                      "icon": "f7:music_note"
                                    }
                                  },
                                  {
                                    "component": "oh-label-item",
                                    "config": {
                                      "item": "SonosPlay1Kitchen_MediaTitle",
                                      "title": "title"
                                    }
                                  },
                                  {
                                    "component": "oh-label-item",
                                    "config": {
                                      "item": "SonosPlay1Kitchen_MediaArtist",
                                      "title": "artist"
                                    }
                                  },
                                  {
                                    "component": "oh-slider-item",
                                    "config": {
                                      "item": "SonosPlay1Kitchen_Volume"
                                    }
                                  }
                                ]
                              }
                            }
                          ]
                        }
                      }
                    ]
                  }
                },
                {
                  "component": "oh-grid-row",
                  "config": {},
                  "slots": {
                    "default": [
                      {
                        "component": "oh-grid-col",
                        "config": {},
                        "slots": {
                          "default": [
                            {
                              "component": "oh-list-card",
                              "config": {
                                "title": "Basement office",
                                "outline": true
                              },
                              "slots": {
                                "default": [
                                  {
                                    "component": "oh-label-item",
                                    "config": {
                                      "title": "Basement office",
                                      "icon": "oh:temperature",
                                      "item": "Temp_Basement_Office"
                                    }
                                  }
                                ]
                              }
                            }
                          ]
                        }
                      },
                      {
                        "component": "oh-grid-col",
                        "config": {},
                        "slots": {
                          "default": [
                            {
                              "component": "oh-list-card",
                              "config": {
                                "title": "Tate\u0027s room",
                                "outline": true
                              },
                              "slots": {
                                "default": [
                                  {
                                    "component": "oh-label-item",
                                    "config": {
                                      "item": "Temp_Tate_BR",
                                      "title": "Tate\u0027s room temp",
                                      "icon": "oh:temperature"
                                    }
                                  },
                                  {
                                    "component": "oh-toggle-item",
                                    "config": {
                                      "title": "Tate\u0027s lights",
                                      "icon": "oh:light",
                                      "item": "Tate_Room_Group_Toggle",
                                      "iconUseState": true
                                    }
                                  }
                                ]
                              }
                            }
                          ]
                        }
                      },
                      {
                        "component": "oh-grid-col",
                        "config": {},
                        "slots": {
                          "default": [
                            {
                              "component": "oh-list-card",
                              "config": {
                                "title": "Basement lights",
                                "outline": true
                              },
                              "slots": {
                                "default": [
                                  {
                                    "component": "oh-toggle-item",
                                    "config": {
                                      "title": "Basement hall lights",
                                      "item": "Hall_Group_Toggle",
                                      "icon": "oh:light",
                                      "iconUseState": true
                                    }
                                  },
                                  {
                                    "component": "oh-toggle-item",
                                    "config": {
                                      "title": "Basement room lights",
                                      "icon": "oh:light",
                                      "item": "Basement_Group_Toggle",
                                      "iconUseState": true
                                    }
                                  }
                                ]
                              }
                            }
                          ]
                        }
                      },
                      {
                        "component": "oh-grid-col",
                        "config": {},
                        "slots": {
                          "default": [
                            {
                              "component": "oh-list-card",
                              "config": {
                                "title": "Lexi\u0027s room",
                                "outline": true
                              },
                              "slots": {
                                "default": [
                                  {
                                    "component": "oh-label-item",
                                    "config": {
                                      "item": "Temp_Lexi_BR",
                                      "title": "Lexi\u0027s temperature",
                                      "icon": "oh:temperature"
                                    }
                                  }
                                ]
                              }
                            }
                          ]
                        }
                      }
                    ]
                  }
                },
                {
                  "component": "oh-grid-row",
                  "config": {},
                  "slots": {
                    "default": []
                  }
                }
              ]
            }
          },
          {
            "component": "oh-block",
            "config": {
              "title": "Robot Vac"
            },
            "slots": {
              "default": [
                {
                  "component": "oh-grid-row",
                  "config": {},
                  "slots": {
                    "default": [
                      {
                        "component": "oh-grid-col",
                        "config": {},
                        "slots": {
                          "default": [
                            {
                              "component": "oh-list-card",
                              "config": {},
                              "slots": {
                                "default": [
                                  {
                                    "component": "oh-list-item",
                                    "config": {
                                      "action": "group",
                                      "actionGroupPopupItem": "EcobotDeebotMQTT",
                                      "title": "Ecovac"
                                    }
                                  },
                                  {
                                    "component": "oh-label-item",
                                    "config": {
                                      "item": "EcobotDeebotMQTT_ChargeState",
                                      "title": "Charge state"
                                    }
                                  },
                                  {
                                    "component": "oh-label-item",
                                    "config": {
                                      "item": "EcobotDeebotMQTT_CleanState",
                                      "title": "Clean state"
                                    }
                                  },
                                  {
                                    "component": "oh-toggle-item",
                                    "config": {
                                      "icon": "f7:arrowtriangle_right_fill",
                                      "title": "Start cleaning",
                                      "item": "EcobotDeebotMQTT_StartCleaning"
                                    }
                                  },
                                  {
                                    "component": "oh-toggle-item",
                                    "config": {
                                      "item": "EcobotDeebotMQTT_StopCleaning",
                                      "title": "Stop cleaning",
                                      "icon": "f7:stop_fill"
                                    }
                                  },
                                  {
                                    "component": "oh-toggle-item",
                                    "config": {
                                      "item": "EcobotDeebotMQTT_Charge",
                                      "title": "Return Home",
                                      "icon": "f7:house_fill"
                                    }
                                  }
                                ]
                              }
                            }
                          ]
                        }
                      },
                      {
                        "component": "oh-grid-col",
                        "config": {},
                        "slots": {
                          "default": [
                            {
                              "component": "oh-gauge-card",
                              "config": {
                                "item": "EcobotDeebotMQTT_BatteryState",
                                "title": "Ecovac battery"
                              }
                            }
                          ]
                        }
                      },
                      {
                        "component": "oh-grid-col",
                        "config": {},
                        "slots": {
                          "default": [
                            {
                              "component": "oh-webframe-card",
                              "config": {
                                "label": "ecovac chart",
                                "src": "http://oak-nab2.asuscomm.com:8080/page/page_c79b31b854"
                              },
                              "slots": {
                                "grid": [
                                  {
                                    "component": "oh-chart-grid",
                                    "config": {}
                                  }
                                ],
                                "xAxis": [
                                  {
                                    "component": "oh-time-axis",
                                    "config": {
                                      "gridIndex": 0.0
                                    }
                                  }
                                ],
                                "yAxis": [
                                  {
                                    "component": "oh-value-axis",
                                    "config": {
                                      "gridIndex": 0.0
                                    }
                                  }
                                ],
                                "series": [
                                  {
                                    "component": "oh-time-series",
                                    "config": {
                                      "name": "Series 1",
                                      "gridIndex": 0.0,
                                      "xAxisIndex": 0.0,
                                      "yAxisIndex": 0.0,
                                      "type": "line",
                                      "item": "EcobotDeebotMQTT_BatteryState"
                                    }
                                  }
                                ]
                              }
                            }
                          ]
                        }
                      }
                    ]
                  }
                }
              ]
            }
          },
          {
            "component": "oh-block",
            "config": {
              "title": "Garage"
            },
            "slots": {
              "default": [
                {
                  "component": "oh-grid-row",
                  "config": {},
                  "slots": {
                    "default": [
                      {
                        "component": "oh-grid-col",
                        "config": {},
                        "slots": {
                          "default": [
                            {
                              "component": "oh-list-card",
                              "config": {
                                "title": "Garage lights"
                              },
                              "slots": {
                                "default": [
                                  {
                                    "component": "oh-toggle-item",
                                    "config": {
                                      "title": "Overhead light",
                                      "item": "Garageoverhead_Power",
                                      "icon": "oh:light",
                                      "iconUseState": true
                                    }
                                  },
                                  {
                                    "component": "oh-toggle-item",
                                    "config": {
                                      "title": "Outdoor light",
                                      "icon": "oh:light",
                                      "item": "Garageoutdoorlight_Power",
                                      "iconUseState": true
                                    }
                                  }
                                ]
                              }
                            }
                          ]
                        }
                      }
                    ]
                  }
                }
              ]
            }
          },
          {
            "component": "oh-block",
            "config": {},
            "slots": {
              "default": [
                {
                  "component": "oh-grid-row",
                  "config": {},
                  "slots": {
                    "default": [
                      {
                        "component": "oh-grid-col",
                        "config": {},
                        "slots": {
                          "default": [
                            {
                              "component": "oh-label-card",
                              "config": {
                                "title": "Outdoor Temperature",
                                "item": "Weather_Temperature"
                              }
                            }
                          ]
                        }
                      }
                    ]
                  }
                }
              ]
            }
          }
        ],
        "grid": []
      }
    }
  },
  "home": {
    "class": "org.openhab.core.ui.components.RootUIComponent",
    "value": {
      "uid": "home",
      "timestamp": "Aug 10, 2021, 8:51:41 AM",
      "component": "oh-home-page",
      "config": {
        "label": "Home Page",
        "displayModelCardsTo": [
          "role:administrator",
          "role:user"
        ]
      },
      "slots": {
        "locations": [
          {
            "component": "oh-locations-tab",
            "config": {},
            "slots": {}
          }
        ],
        "equipment": [
          {
            "component": "oh-equipment-tab",
            "config": {},
            "slots": {}
          }
        ],
        "properties": [
          {
            "component": "oh-properties-tab",
            "config": {},
            "slots": {}
          }
        ]
      }
    }
  }
}