{
  "jfstepha": {
    "class": "org.openhab.core.auth.ManagedUser",
    "value": {
      "name": "jfstepha",
      "passwordHash": "2iN+5wvMAc8Awnx5Ix27jSp4hp6k1ZT/Vx4151riLaa39ZyWr03mVW0EO7QQdzwyOr9K+RyuwtI80HgJ/mAb6w\u003d\u003d",
      "passwordSalt": "ma59qRbToac9r2HFALmS9vuk/hDknx2EfxXYxwD98DfgH2WpL/XbwY16JMcq2tjvPyv7ZdQRh/0Ws0Xw34C8GQ\u003d\u003d",
      "roles": [
        "administrator"
      ],
      "sessions": [
        {
          "sessionId": "b714470c-451d-4b9f-8fba-88dea037a3a9",
          "refreshToken": "e2368e2eeb8148f8bfd3daf3edfb2a09",
          "createdTime": "Aug 5, 2021, 10:01:58 AM",
          "lastRefreshTime": "Aug 11, 2021, 10:54:15 AM",
          "clientId": "http://oak-nab2.asuscomm.com:8080",
          "redirectUri": "http://oak-nab2.asuscomm.com:8080",
          "scope": "admin",
          "sessionCookie": true
        },
        {
          "sessionId": "02b2138c-5143-4c42-b53f-258d4b698099",
          "refreshToken": "cefa04f74ef940b99a54d5021828f025",
          "createdTime": "Aug 6, 2021, 10:33:38 PM",
          "lastRefreshTime": "Aug 9, 2021, 10:04:40 PM",
          "clientId": "http://oak-nab2.asuscomm.com:8080",
          "redirectUri": "http://oak-nab2.asuscomm.com:8080",
          "scope": "admin",
          "sessionCookie": true
        },
        {
          "sessionId": "edc968d5-7d12-40d9-bc0b-0be553a1f542",
          "refreshToken": "f88aa2b961354e33b36747a0ff3987f0",
          "createdTime": "Aug 9, 2021, 3:12:14 PM",
          "lastRefreshTime": "Aug 11, 2021, 5:02:20 PM",
          "clientId": "https://home.myopenhab.org",
          "redirectUri": "https://home.myopenhab.org",
          "scope": "admin",
          "sessionCookie": true
        },
        {
          "sessionId": "b6f0cecc-8e19-4225-b2bb-4dcfc09699b3",
          "refreshToken": "080541282f8e42869316b17a8c74b231",
          "createdTime": "Aug 10, 2021, 9:35:26 PM",
          "lastRefreshTime": "Aug 10, 2021, 11:35:42 PM",
          "clientId": "http://oak-nab2.asuscomm.com:8080",
          "redirectUri": "http://oak-nab2.asuscomm.com:8080",
          "scope": "admin",
          "sessionCookie": true
        }
      ],
      "apiTokens": []
    }
  }
}