{
  "Lexi_room": {
    "class": "org.openhab.core.items.ManagedItemProvider$PersistedItem",
    "value": {
      "groupNames": [
        "Basement"
      ],
      "itemType": "Group",
      "tags": [
        "Bedroom"
      ],
      "label": "Lexi\u0027s Room",
      "category": ""
    }
  },
  "SonosBeamLivingRoom_MediaControl": {
    "class": "org.openhab.core.items.ManagedItemProvider$PersistedItem",
    "value": {
      "groupNames": [
        "SonosBeamLivingRoom"
      ],
      "itemType": "Player",
      "tags": [
        "Point"
      ],
      "label": "Media Control",
      "category": "MediaControl"
    }
  },
  "Weather_Temperature": {
    "class": "org.openhab.core.items.ManagedItemProvider$PersistedItem",
    "value": {
      "groupNames": [
        "Outdoor"
      ],
      "itemType": "Number:Temperature",
      "tags": [
        "Point"
      ],
      "label": "Outdoor Temperature",
      "category": "Temperature"
    }
  },
  "overheadlights": {
    "class": "org.openhab.core.items.ManagedItemProvider$PersistedItem",
    "value": {
      "groupNames": [
        "lrLights"
      ],
      "itemType": "Switch",
      "tags": [
        "Point"
      ],
      "label": "Overhead Lights",
      "category": ""
    }
  },
  "Garageoutdoorlight_Power": {
    "class": "org.openhab.core.items.ManagedItemProvider$PersistedItem",
    "value": {
      "groupNames": [
        "Garageoutdoorlight"
      ],
      "itemType": "Switch",
      "tags": [
        "Point"
      ],
      "label": "Power",
      "category": "Switch"
    }
  },
  "SonosPlay1Kitchen_Volume": {
    "class": "org.openhab.core.items.ManagedItemProvider$PersistedItem",
    "value": {
      "groupNames": [
        "SonosPlay1Kitchen"
      ],
      "itemType": "Dimmer",
      "tags": [
        "Point"
      ],
      "label": "Volume",
      "category": "SoundVolume"
    }
  },
  "EcobotDeebotMQTT_CleanArea": {
    "class": "org.openhab.core.items.ManagedItemProvider$PersistedItem",
    "value": {
      "groupNames": [
        "EcobotDeebotMQTT"
      ],
      "itemType": "Switch",
      "tags": [
        "Point"
      ],
      "label": "Clean Area",
      "category": ""
    }
  },
  "SonosPlay1Kitchen_MediaTitle": {
    "class": "org.openhab.core.items.ManagedItemProvider$PersistedItem",
    "value": {
      "groupNames": [
        "SonosPlay1Kitchen"
      ],
      "itemType": "String",
      "tags": [
        "Point"
      ],
      "label": "Media Title",
      "category": ""
    }
  },
  "SonosOneSLBedroom_CurrentAlbum": {
    "class": "org.openhab.core.items.ManagedItemProvider$PersistedItem",
    "value": {
      "groupNames": [
        "SonosOneSLBedroom"
      ],
      "itemType": "String",
      "tags": [
        "Point"
      ],
      "label": "Current Album",
      "category": ""
    }
  },
  "UPSthing_Ups_Load": {
    "class": "org.openhab.core.items.ManagedItemProvider$PersistedItem",
    "value": {
      "groupNames": [
        "UPSthing"
      ],
      "itemType": "Number",
      "tags": [
        "Point"
      ],
      "label": "UPS Load",
      "category": ""
    }
  },
  "PaigesspaceRoom_Scene": {
    "class": "org.openhab.core.items.ManagedItemProvider$PersistedItem",
    "value": {
      "groupNames": [
        "PaigesspaceRoom"
      ],
      "itemType": "String",
      "tags": [
        "Point"
      ],
      "label": "Scene",
      "category": ""
    }
  },
  "EcobotDeebotMQTT_Pause": {
    "class": "org.openhab.core.items.ManagedItemProvider$PersistedItem",
    "value": {
      "groupNames": [
        "EcobotDeebotMQTT"
      ],
      "itemType": "Switch",
      "tags": [
        "Point"
      ],
      "label": "Pause",
      "category": ""
    }
  },
  "EcobotDeebotMQTT_StartCleaning": {
    "class": "org.openhab.core.items.ManagedItemProvider$PersistedItem",
    "value": {
      "groupNames": [
        "EcobotDeebotMQTT"
      ],
      "itemType": "Switch",
      "tags": [
        "Point"
      ],
      "label": "Start Cleaning",
      "category": ""
    }
  },
  "SonosBeamLivingRoom_MediaArtist": {
    "class": "org.openhab.core.items.ManagedItemProvider$PersistedItem",
    "value": {
      "groupNames": [
        "SonosBeamLivingRoom"
      ],
      "itemType": "String",
      "tags": [
        "Point"
      ],
      "label": "Media Artist",
      "category": ""
    }
  },
  "in": {
    "class": "org.openhab.core.items.ManagedItemProvider$PersistedItem",
    "value": {
      "groupNames": [],
      "itemType": "Group",
      "tags": [
        "House"
      ],
      "label": "Indoor",
      "category": "house"
    }
  },
  "paigesSpace": {
    "class": "org.openhab.core.items.ManagedItemProvider$PersistedItem",
    "value": {
      "groupNames": [
        "ff"
      ],
      "itemType": "Group",
      "tags": [
        "Location"
      ],
      "label": "Paige Space",
      "category": ""
    }
  },
  "BasementRoom": {
    "class": "org.openhab.core.items.ManagedItemProvider$PersistedItem",
    "value": {
      "groupNames": [
        "Basement"
      ],
      "itemType": "Group",
      "tags": [
        "Basement"
      ],
      "label": "Basement Room",
      "category": ""
    }
  },
  "wholehouse": {
    "class": "org.openhab.core.items.ManagedItemProvider$PersistedItem",
    "value": {
      "groupNames": [
        "Basement"
      ],
      "itemType": "Group",
      "tags": [
        "BoilerRoom"
      ],
      "label": "Whole House",
      "category": "misc_equip"
    }
  },
  "BasementOfficeThermostat_temperature": {
    "class": "org.openhab.core.items.ManagedItemProvider$PersistedItem",
    "value": {
      "groupNames": [
        "BasementOfficeThermostat"
      ],
      "itemType": "Number",
      "tags": [
        "Temperature",
        "Point"
      ],
      "label": "temperature",
      "category": "temperature"
    }
  },
  "UPSthing": {
    "class": "org.openhab.core.items.ManagedItemProvider$PersistedItem",
    "value": {
      "groupNames": [
        "basementOffice"
      ],
      "itemType": "Group",
      "tags": [
        "Equipment"
      ],
      "label": "UPS thing",
      "category": ""
    }
  },
  "SonosBeamLivingRoom_MediaTitle": {
    "class": "org.openhab.core.items.ManagedItemProvider$PersistedItem",
    "value": {
      "groupNames": [
        "SonosBeamLivingRoom"
      ],
      "itemType": "String",
      "tags": [
        "Point"
      ],
      "label": "Media Title",
      "category": ""
    }
  },
  "EcobotDeebotMQTT_CleanCustomArea": {
    "class": "org.openhab.core.items.ManagedItemProvider$PersistedItem",
    "value": {
      "groupNames": [
        "EcobotDeebotMQTT"
      ],
      "itemType": "Switch",
      "tags": [
        "Point"
      ],
      "label": "Clean Custom Area",
      "category": ""
    }
  },
  "UPSthing_BatteryCharge": {
    "class": "org.openhab.core.items.ManagedItemProvider$PersistedItem",
    "value": {
      "groupNames": [
        "UPSthing"
      ],
      "itemType": "Number:Dimensionless",
      "tags": [
        "Point"
      ],
      "label": "Battery Charge",
      "category": ""
    }
  },
  "Weather_Condition": {
    "class": "org.openhab.core.items.ManagedItemProvider$PersistedItem",
    "value": {
      "groupNames": [
        "Outdoor"
      ],
      "itemType": "String",
      "tags": [
        "Point"
      ],
      "label": "Weather Condition",
      "category": "Sun_Clouds"
    }
  },
  "EcobotDeebotMQTT_ChargeState": {
    "class": "org.openhab.core.items.ManagedItemProvider$PersistedItem",
    "value": {
      "groupNames": [
        "EcobotDeebotMQTT"
      ],
      "itemType": "String",
      "tags": [
        "Point"
      ],
      "label": "Charge State",
      "category": ""
    }
  },
  "SonosPlay1Kitchen": {
    "class": "org.openhab.core.items.ManagedItemProvider$PersistedItem",
    "value": {
      "groupNames": [
        "kitchen"
      ],
      "itemType": "Group",
      "tags": [
        "Equipment"
      ],
      "label": "Sonos Play:1 (Kitchen)",
      "category": ""
    }
  },
  "Weather_Humidity": {
    "class": "org.openhab.core.items.ManagedItemProvider$PersistedItem",
    "value": {
      "groupNames": [
        "Outdoor"
      ],
      "itemType": "Number:Dimensionless",
      "tags": [
        "Point"
      ],
      "label": "Atmospheric Humidity",
      "category": "Humidity"
    }
  },
  "SonosOneSLBedroom_Volume": {
    "class": "org.openhab.core.items.ManagedItemProvider$PersistedItem",
    "value": {
      "groupNames": [
        "SonosOneSLBedroom"
      ],
      "itemType": "Dimmer",
      "tags": [
        "Point"
      ],
      "label": "Volume",
      "category": "SoundVolume"
    }
  },
  "BasementOfficeThermostat": {
    "class": "org.openhab.core.items.ManagedItemProvider$PersistedItem",
    "value": {
      "groupNames": [
        "basementOffice"
      ],
      "itemType": "Group",
      "tags": [
        "Equipment"
      ],
      "label": "Basement Office Thermostat",
      "category": "temperature"
    }
  },
  "SonosPlay1Kitchen_MediaControl": {
    "class": "org.openhab.core.items.ManagedItemProvider$PersistedItem",
    "value": {
      "groupNames": [
        "SonosPlay1Kitchen"
      ],
      "itemType": "Player",
      "tags": [
        "Point"
      ],
      "label": "Media Control",
      "category": "MediaControl"
    }
  },
  "kitchen": {
    "class": "org.openhab.core.items.ManagedItemProvider$PersistedItem",
    "value": {
      "groupNames": [
        "ff"
      ],
      "itemType": "Group",
      "tags": [
        "Location"
      ],
      "label": "Kitchen",
      "category": ""
    }
  },
  "MasterBedroomThermostat_temp": {
    "class": "org.openhab.core.items.ManagedItemProvider$PersistedItem",
    "value": {
      "groupNames": [
        "mbrThermo"
      ],
      "itemType": "Number:Temperature",
      "tags": [
        "Point"
      ],
      "label": "temp",
      "category": "temperature"
    }
  },
  "Tate_room": {
    "class": "org.openhab.core.items.ManagedItemProvider$PersistedItem",
    "value": {
      "groupNames": [
        "Basement"
      ],
      "itemType": "Group",
      "tags": [
        "Bedroom"
      ],
      "label": "Tate\u0027s Room",
      "category": ""
    }
  },
  "UPSthing_BatteryRuntime": {
    "class": "org.openhab.core.items.ManagedItemProvider$PersistedItem",
    "value": {
      "groupNames": [
        "UPSthing"
      ],
      "itemType": "Number:Time",
      "tags": [
        "Point"
      ],
      "label": "Battery Runtime",
      "category": ""
    }
  },
  "SonosPlay1Kitchen_MediaArtist": {
    "class": "org.openhab.core.items.ManagedItemProvider$PersistedItem",
    "value": {
      "groupNames": [
        "SonosPlay1Kitchen"
      ],
      "itemType": "String",
      "tags": [
        "Point"
      ],
      "label": "Media Artist",
      "category": ""
    }
  },
  "SonosBeamLivingRoom_Mute": {
    "class": "org.openhab.core.items.ManagedItemProvider$PersistedItem",
    "value": {
      "groupNames": [
        "SonosBeamLivingRoom"
      ],
      "itemType": "Switch",
      "tags": [
        "Point"
      ],
      "label": "Mute",
      "category": "SoundVolume"
    }
  },
  "lrLights": {
    "class": "org.openhab.core.items.ManagedItemProvider$PersistedItem",
    "value": {
      "groupNames": [
        "LivingRoom"
      ],
      "itemType": "Group",
      "tags": [
        "Equipment"
      ],
      "label": "Living room lights",
      "category": "lr"
    }
  },
  "SonosBeamLivingRoom_Volume": {
    "class": "org.openhab.core.items.ManagedItemProvider$PersistedItem",
    "value": {
      "groupNames": [
        "SonosBeamLivingRoom"
      ],
      "itemType": "Dimmer",
      "tags": [
        "Point"
      ],
      "label": "Volume",
      "category": "SoundVolume"
    }
  },
  "SonosOneSLBedroom_CurrentAlbumCoverArt": {
    "class": "org.openhab.core.items.ManagedItemProvider$PersistedItem",
    "value": {
      "groupNames": [
        "SonosOneSLBedroom"
      ],
      "itemType": "Image",
      "tags": [
        "Point"
      ],
      "label": "Current Album Cover Art",
      "category": ""
    }
  },
  "SonosOneSLBedroom_Mute": {
    "class": "org.openhab.core.items.ManagedItemProvider$PersistedItem",
    "value": {
      "groupNames": [
        "SonosOneSLBedroom"
      ],
      "itemType": "Switch",
      "tags": [
        "Point"
      ],
      "label": "Mute",
      "category": "SoundVolume"
    }
  },
  "mbrThermo": {
    "class": "org.openhab.core.items.ManagedItemProvider$PersistedItem",
    "value": {
      "groupNames": [
        "masterBedroom"
      ],
      "itemType": "Group",
      "tags": [
        "Equipment"
      ],
      "label": "Master Bedroom Thermo",
      "category": "temperature"
    }
  },
  "Basement": {
    "class": "org.openhab.core.items.ManagedItemProvider$PersistedItem",
    "value": {
      "groupNames": [
        "in"
      ],
      "itemType": "Group",
      "tags": [
        "Basement"
      ],
      "label": "basement",
      "category": "groundfloor"
    }
  },
  "Outdoor": {
    "class": "org.openhab.core.items.ManagedItemProvider$PersistedItem",
    "value": {
      "groupNames": [],
      "itemType": "Group",
      "tags": [
        "Location"
      ],
      "label": "outdoor",
      "category": "outdoor"
    }
  },
  "MasterBedroomThermostat_Humidity": {
    "class": "org.openhab.core.items.ManagedItemProvider$PersistedItem",
    "value": {
      "groupNames": [
        "mbrThermo"
      ],
      "itemType": "Number",
      "tags": [
        "Point"
      ],
      "label": "Humidity",
      "category": "humidity"
    }
  },
  "SonosOneSLBedroom_MediaTitle": {
    "class": "org.openhab.core.items.ManagedItemProvider$PersistedItem",
    "value": {
      "groupNames": [
        "SonosOneSLBedroom"
      ],
      "itemType": "String",
      "tags": [
        "Point"
      ],
      "label": "Media Title",
      "category": ""
    }
  },
  "UPSthing_UPSStatus": {
    "class": "org.openhab.core.items.ManagedItemProvider$PersistedItem",
    "value": {
      "groupNames": [
        "UPSthing"
      ],
      "itemType": "String",
      "tags": [
        "Point"
      ],
      "label": "UPS Status",
      "category": ""
    }
  },
  "SonosPlay1Kitchen_Mute": {
    "class": "org.openhab.core.items.ManagedItemProvider$PersistedItem",
    "value": {
      "groupNames": [
        "SonosPlay1Kitchen"
      ],
      "itemType": "Switch",
      "tags": [
        "Point"
      ],
      "label": "Mute",
      "category": "SoundVolume"
    }
  },
  "Humidity_Lexi_BR": {
    "class": "org.openhab.core.items.ManagedItemProvider$PersistedItem",
    "value": {
      "groupNames": [
        "Lexisroomthermostat"
      ],
      "itemType": "Number",
      "tags": [
        "Humidity",
        "Point"
      ],
      "label": "Lexi\u0027s Room Humidity",
      "category": "humidity"
    }
  },
  "SonosBeamLivingRoom_CurrentAlbumCoverArt": {
    "class": "org.openhab.core.items.ManagedItemProvider$PersistedItem",
    "value": {
      "groupNames": [
        "SonosBeamLivingRoom"
      ],
      "itemType": "Image",
      "tags": [
        "Point"
      ],
      "label": "Current Album Cover Art",
      "category": ""
    }
  },
  "BasementOfficeThermostat_humidity": {
    "class": "org.openhab.core.items.ManagedItemProvider$PersistedItem",
    "value": {
      "groupNames": [
        "BasementOfficeThermostat"
      ],
      "itemType": "Number",
      "tags": [
        "Humidity",
        "Point"
      ],
      "label": "humidity",
      "category": "humidity"
    }
  },
  "EcobotDeebotMQTT": {
    "class": "org.openhab.core.items.ManagedItemProvider$PersistedItem",
    "value": {
      "groupNames": [
        "ff"
      ],
      "itemType": "Group",
      "tags": [
        "Equipment"
      ],
      "label": "Ecobot Deebot MQTT",
      "category": "vacuum"
    }
  },
  "SonosOneSLBedroom": {
    "class": "org.openhab.core.items.ManagedItemProvider$PersistedItem",
    "value": {
      "groupNames": [
        "masterBedroom"
      ],
      "itemType": "Group",
      "tags": [
        "Equipment"
      ],
      "label": "Sonos One SL (Bedroom)",
      "category": ""
    }
  },
  "SonosOneSLBedroom_MediaArtist": {
    "class": "org.openhab.core.items.ManagedItemProvider$PersistedItem",
    "value": {
      "groupNames": [
        "SonosOneSLBedroom"
      ],
      "itemType": "String",
      "tags": [
        "Point"
      ],
      "label": "Media Artist",
      "category": ""
    }
  },
  "SonosBeamLivingRoom_CurrentAlbum": {
    "class": "org.openhab.core.items.ManagedItemProvider$PersistedItem",
    "value": {
      "groupNames": [
        "SonosBeamLivingRoom"
      ],
      "itemType": "String",
      "tags": [
        "Point"
      ],
      "label": "Current Album",
      "category": ""
    }
  },
  "ff": {
    "class": "org.openhab.core.items.ManagedItemProvider$PersistedItem",
    "value": {
      "groupNames": [
        "in"
      ],
      "itemType": "Group",
      "tags": [
        "FirstFloor"
      ],
      "label": "First Floor",
      "category": "firstfloor"
    }
  },
  "basementOffice": {
    "class": "org.openhab.core.items.ManagedItemProvider$PersistedItem",
    "value": {
      "groupNames": [
        "Basement"
      ],
      "itemType": "Group",
      "tags": [
        "Location"
      ],
      "label": "Basement Office",
      "category": "basement"
    }
  },
  "EcobotDeebotMQTT_Charge": {
    "class": "org.openhab.core.items.ManagedItemProvider$PersistedItem",
    "value": {
      "groupNames": [
        "EcobotDeebotMQTT"
      ],
      "itemType": "Switch",
      "tags": [
        "Point"
      ],
      "label": "Charge",
      "category": ""
    }
  },
  "TateThermo": {
    "class": "org.openhab.core.items.ManagedItemProvider$PersistedItem",
    "value": {
      "groupNames": [
        "Tate_room"
      ],
      "itemType": "Group",
      "tags": [
        "Equipment"
      ],
      "label": "Tate_Thermo",
      "category": ""
    }
  },
  "BasementHall": {
    "class": "org.openhab.core.items.ManagedItemProvider$PersistedItem",
    "value": {
      "groupNames": [
        "Basement"
      ],
      "itemType": "Group",
      "tags": [
        "Location"
      ],
      "label": "Basement Hall",
      "category": ""
    }
  },
  "TateThermo_Humidity": {
    "class": "org.openhab.core.items.ManagedItemProvider$PersistedItem",
    "value": {
      "groupNames": [
        "TateThermo"
      ],
      "itemType": "Number",
      "tags": [
        "Point"
      ],
      "label": "Humidity",
      "category": ""
    }
  },
  "LivingroomRoom_Scene": {
    "class": "org.openhab.core.items.ManagedItemProvider$PersistedItem",
    "value": {
      "groupNames": [
        "lrLights"
      ],
      "itemType": "String",
      "tags": [
        "Point"
      ],
      "label": "Scene",
      "category": ""
    }
  },
  "EcobotDeebotMQTT_StopCleaning": {
    "class": "org.openhab.core.items.ManagedItemProvider$PersistedItem",
    "value": {
      "groupNames": [
        "EcobotDeebotMQTT"
      ],
      "itemType": "Switch",
      "tags": [
        "Point"
      ],
      "label": "Stop Cleaning",
      "category": ""
    }
  },
  "SonosBeamLivingRoom": {
    "class": "org.openhab.core.items.ManagedItemProvider$PersistedItem",
    "value": {
      "groupNames": [
        "LivingRoom"
      ],
      "itemType": "Group",
      "tags": [
        "Equipment"
      ],
      "label": "Sonos Beam (Living Room)",
      "category": ""
    }
  },
  "Temp_Lexi_BR": {
    "class": "org.openhab.core.items.ManagedItemProvider$PersistedItem",
    "value": {
      "groupNames": [
        "Lexisroomthermostat"
      ],
      "itemType": "Number",
      "tags": [
        "Temperature",
        "Point"
      ],
      "label": "Lexi\u0027s Room Temperature",
      "category": "temperature"
    }
  },
  "masterBedroom": {
    "class": "org.openhab.core.items.ManagedItemProvider$PersistedItem",
    "value": {
      "groupNames": [
        "ff"
      ],
      "itemType": "Group",
      "tags": [
        "Location"
      ],
      "label": "Master Bedroom",
      "category": "bedroom"
    }
  },
  "LivingRoom": {
    "class": "org.openhab.core.items.ManagedItemProvider$PersistedItem",
    "value": {
      "groupNames": [
        "ff"
      ],
      "itemType": "Group",
      "tags": [
        "Location"
      ],
      "label": "Living Room",
      "category": "livingroom"
    }
  },
  "EcobotDeebotMQTT_CleanState": {
    "class": "org.openhab.core.items.ManagedItemProvider$PersistedItem",
    "value": {
      "groupNames": [
        "EcobotDeebotMQTT"
      ],
      "itemType": "String",
      "tags": [
        "Point"
      ],
      "label": "Clean State",
      "category": ""
    }
  },
  "SonosPlay1Kitchen_CurrentAlbumCoverArt": {
    "class": "org.openhab.core.items.ManagedItemProvider$PersistedItem",
    "value": {
      "groupNames": [
        "SonosPlay1Kitchen"
      ],
      "itemType": "Image",
      "tags": [
        "Point"
      ],
      "label": "Current Album Cover Art",
      "category": ""
    }
  },
  "Garageoutdoorlight": {
    "class": "org.openhab.core.items.ManagedItemProvider$PersistedItem",
    "value": {
      "groupNames": [
        "Garage"
      ],
      "itemType": "Group",
      "tags": [
        "Equipment"
      ],
      "label": "Garage outdoor light",
      "category": ""
    }
  },
  "PaigesspaceRoom": {
    "class": "org.openhab.core.items.ManagedItemProvider$PersistedItem",
    "value": {
      "groupNames": [
        "paigesSpace"
      ],
      "itemType": "Group",
      "tags": [
        "Equipment"
      ],
      "label": "Paige\u0027s space (Room)",
      "category": ""
    }
  },
  "Garageoverhead": {
    "class": "org.openhab.core.items.ManagedItemProvider$PersistedItem",
    "value": {
      "groupNames": [
        "Garage"
      ],
      "itemType": "Group",
      "tags": [
        "Equipment"
      ],
      "label": "Garage overhead",
      "category": "light"
    }
  },
  "EcobotDeebotMQTT_BatteryState": {
    "class": "org.openhab.core.items.ManagedItemProvider$PersistedItem",
    "value": {
      "groupNames": [
        "EcobotDeebotMQTT"
      ],
      "itemType": "Dimmer",
      "tags": [
        "Point"
      ],
      "label": "Battery State",
      "category": ""
    }
  },
  "Garage": {
    "class": "org.openhab.core.items.ManagedItemProvider$PersistedItem",
    "value": {
      "groupNames": [],
      "itemType": "Group",
      "tags": [
        "Garage"
      ],
      "label": "garage",
      "category": "garage"
    }
  },
  "Garageoverhead_Power": {
    "class": "org.openhab.core.items.ManagedItemProvider$PersistedItem",
    "value": {
      "groupNames": [
        "Garageoverhead"
      ],
      "itemType": "Switch",
      "tags": [
        "Point"
      ],
      "label": "Power",
      "category": "Switch"
    }
  },
  "SonosOneSLBedroom_MediaControl": {
    "class": "org.openhab.core.items.ManagedItemProvider$PersistedItem",
    "value": {
      "groupNames": [
        "SonosOneSLBedroom"
      ],
      "itemType": "Player",
      "tags": [
        "Point"
      ],
      "label": "Media Control",
      "category": "MediaControl"
    }
  },
  "SonosPlay1Kitchen_CurrentAlbum": {
    "class": "org.openhab.core.items.ManagedItemProvider$PersistedItem",
    "value": {
      "groupNames": [
        "SonosPlay1Kitchen"
      ],
      "itemType": "String",
      "tags": [
        "Point"
      ],
      "label": "Current Album",
      "category": ""
    }
  },
  "Lexisroomthermostat": {
    "class": "org.openhab.core.items.ManagedItemProvider$PersistedItem",
    "value": {
      "groupNames": [
        "Lexi_room"
      ],
      "itemType": "Group",
      "tags": [
        "Equipment"
      ],
      "label": "Lexi\u0027s room thermostat",
      "category": "thermostat"
    }
  }
}