{
  "0a7afe61f6": {
    "class": "org.openhab.core.automation.dto.RuleDTO",
    "value": {
      "triggers": [],
      "conditions": [],
      "actions": [
        {
          "inputs": {},
          "id": "script",
          "configuration": {
            "blockSource": "\u003cxml xmlns\u003d\"https://developers.google.com/blockly/xml\"\u003e\u003cblock type\u003d\"oh_event\" id\u003d\"u4.v-nSI$N.\u003dkY@K$Z9,\" x\u003d\"71\" y\u003d\"66\"\u003e\u003cfield name\u003d\"eventType\"\u003esendCommand\u003c/field\u003e\u003cvalue name\u003d\"value\"\u003e\u003cshadow type\u003d\"text\" id\u003d\"1`6C7KZ9FalN71kWe*?q\"\u003e\u003cfield name\u003d\"TEXT\"\u003eOFF\u003c/field\u003e\u003c/shadow\u003e\u003c/value\u003e\u003cvalue name\u003d\"itemName\"\u003e\u003cshadow type\u003d\"oh_item\" id\u003d\"kbbq):|I[GPZy+LqwdZ%\"\u003e\u003cfield name\u003d\"itemName\"\u003eGarageoutdoorlight_Power\u003c/field\u003e\u003c/shadow\u003e\u003c/value\u003e\u003cnext\u003e\u003cblock type\u003d\"oh_event\" id\u003d\"?JQAd,}Sl/My]*jIvY/r\"\u003e\u003cfield name\u003d\"eventType\"\u003esendCommand\u003c/field\u003e\u003cvalue name\u003d\"value\"\u003e\u003cshadow type\u003d\"text\" id\u003d\"eKl:Yk\u003dX;*uuT}{5qvKq\"\u003e\u003cfield name\u003d\"TEXT\"\u003eOFF\u003c/field\u003e\u003c/shadow\u003e\u003c/value\u003e\u003cvalue name\u003d\"itemName\"\u003e\u003cshadow type\u003d\"oh_item\" id\u003d\"oX.!23yR*%YJWU2I|d|h\"\u003e\u003cfield name\u003d\"itemName\"\u003eGarageoverhead_Power\u003c/field\u003e\u003c/shadow\u003e\u003c/value\u003e\u003c/block\u003e\u003c/next\u003e\u003c/block\u003e\u003c/xml\u003e",
            "type": "application/javascript",
            "script": "events.sendCommand(\u0027Garageoutdoorlight_Power\u0027, \u0027OFF\u0027);\nevents.sendCommand(\u0027Garageoverhead_Power\u0027, \u0027OFF\u0027);\n"
          },
          "type": "script.ScriptAction"
        }
      ],
      "configuration": {},
      "configDescriptions": [],
      "uid": "0a7afe61f6",
      "name": "Test_Script",
      "tags": [
        "Script"
      ],
      "visibility": "VISIBLE",
      "description": "Just a test"
    }
  },
  "d022a2a8e0": {
    "class": "org.openhab.core.automation.dto.RuleDTO",
    "value": {
      "triggers": [
        {
          "id": "1",
          "configuration": {
            "cronExpression": "0 0/10 8 * * ? *"
          },
          "type": "timer.GenericCronTrigger"
        }
      ],
      "conditions": [],
      "actions": [
        {
          "inputs": {},
          "id": "3",
          "configuration": {
            "message": "Basement hall shut off"
          },
          "type": "notification.SendLogNotification"
        },
        {
          "inputs": {},
          "id": "2",
          "configuration": {
            "itemName": "Hall_Group_Toggle",
            "state": "OFF"
          },
          "type": "core.ItemStateUpdateAction"
        }
      ],
      "configuration": {},
      "configDescriptions": [],
      "uid": "d022a2a8e0",
      "name": "Shut off basement lights all the time",
      "tags": [],
      "visibility": "VISIBLE"
    }
  }
}