{
  "openweathermap:air-pollution:beb9ef9457:local": {
    "class": "org.openhab.core.config.discovery.internal.DiscoveryResultImpl",
    "value": {
      "bridgeUID": {
        "segments": [
          "openweathermap",
          "weather-api",
          "beb9ef9457"
        ],
        "uid": "openweathermap:weather-api:beb9ef9457"
      },
      "thingUID": {
        "segments": [
          "openweathermap",
          "air-pollution",
          "beb9ef9457",
          "local"
        ],
        "uid": "openweathermap:air-pollution:beb9ef9457:local"
      },
      "thingTypeUID": {
        "segments": [
          "openweathermap",
          "air-pollution"
        ],
        "uid": ""
      },
      "properties": {
        "location": "42.61211649237612,-71.42131984233858"
      },
      "representationProperty": "location",
      "flag": "NEW",
      "label": "Local Air Pollution",
      "timestamp": 1628685933428,
      "timeToLive": -1
    }
  },
  "hue:0840:ecb5fa0d8680:64": {
    "class": "org.openhab.core.config.discovery.internal.DiscoveryResultImpl",
    "value": {
      "bridgeUID": {
        "segments": [
          "hue",
          "bridge",
          "ecb5fa0d8680"
        ],
        "uid": "hue:bridge:ecb5fa0d8680"
      },
      "thingUID": {
        "segments": [
          "hue",
          "0840",
          "ecb5fa0d8680",
          "64"
        ],
        "uid": "hue:0840:ecb5fa0d8680:64"
      },
      "thingTypeUID": {
        "segments": [
          "hue",
          "0840"
        ],
        "uid": ""
      },
      "properties": {
        "modelId": "HUELABSENUM",
        "uniqueId": "0:11:6a3e-619c-4b09-a30e",
        "sensorId": "64"
      },
      "representationProperty": "uniqueId",
      "flag": "NEW",
      "label": "sceneCyclerSlotState",
      "timestamp": 1628714405122,
      "timeToLive": -1
    }
  },
  "hue:0840:ecb5fa0d8680:32": {
    "class": "org.openhab.core.config.discovery.internal.DiscoveryResultImpl",
    "value": {
      "bridgeUID": {
        "segments": [
          "hue",
          "bridge",
          "ecb5fa0d8680"
        ],
        "uid": "hue:bridge:ecb5fa0d8680"
      },
      "thingUID": {
        "segments": [
          "hue",
          "0840",
          "ecb5fa0d8680",
          "32"
        ],
        "uid": "hue:0840:ecb5fa0d8680:32"
      },
      "thingTypeUID": {
        "segments": [
          "hue",
          "0840"
        ],
        "uid": ""
      },
      "properties": {
        "modelId": "HUELABSENUM",
        "uniqueId": "2:0:8e33-0fd4-4843-8cda",
        "sensorId": "32"
      },
      "representationProperty": "uniqueId",
      "flag": "NEW",
      "label": "cycling",
      "timestamp": 1628469773888,
      "timeToLive": -1
    }
  },
  "hue:0840:ecb5fa0d8680:62": {
    "class": "org.openhab.core.config.discovery.internal.DiscoveryResultImpl",
    "value": {
      "bridgeUID": {
        "segments": [
          "hue",
          "bridge",
          "ecb5fa0d8680"
        ],
        "uid": "hue:bridge:ecb5fa0d8680"
      },
      "thingUID": {
        "segments": [
          "hue",
          "0840",
          "ecb5fa0d8680",
          "62"
        ],
        "uid": "hue:0840:ecb5fa0d8680:62"
      },
      "thingTypeUID": {
        "segments": [
          "hue",
          "0840"
        ],
        "uid": ""
      },
      "properties": {
        "modelId": "HUELABSENUM",
        "uniqueId": "2:11:b853-2e84-44b1-a77a",
        "sensorId": "62"
      },
      "representationProperty": "uniqueId",
      "flag": "NEW",
      "label": "sceneCyclerCycling",
      "timestamp": 1628714077494,
      "timeToLive": -1
    }
  },
  "hue:0840:ecb5fa0d8680:63": {
    "class": "org.openhab.core.config.discovery.internal.DiscoveryResultImpl",
    "value": {
      "bridgeUID": {
        "segments": [
          "hue",
          "bridge",
          "ecb5fa0d8680"
        ],
        "uid": "hue:bridge:ecb5fa0d8680"
      },
      "thingUID": {
        "segments": [
          "hue",
          "0840",
          "ecb5fa0d8680",
          "63"
        ],
        "uid": "hue:0840:ecb5fa0d8680:63"
      },
      "thingTypeUID": {
        "segments": [
          "hue",
          "0840"
        ],
        "uid": ""
      },
      "properties": {
        "modelId": "HUELABSENUM",
        "uniqueId": "2:10:b580-b834-4b7a-915e",
        "sensorId": "63"
      },
      "representationProperty": "uniqueId",
      "flag": "NEW",
      "label": "offButtonState",
      "timestamp": 1628714403818,
      "timeToLive": -1
    }
  },
  "hue:0840:ecb5fa0d8680:61": {
    "class": "org.openhab.core.config.discovery.internal.DiscoveryResultImpl",
    "value": {
      "bridgeUID": {
        "segments": [
          "hue",
          "bridge",
          "ecb5fa0d8680"
        ],
        "uid": "hue:bridge:ecb5fa0d8680"
      },
      "thingUID": {
        "segments": [
          "hue",
          "0840",
          "ecb5fa0d8680",
          "61"
        ],
        "uid": "hue:0840:ecb5fa0d8680:61"
      },
      "thingTypeUID": {
        "segments": [
          "hue",
          "0840"
        ],
        "uid": ""
      },
      "properties": {
        "modelId": "HUELABSENUM",
        "uniqueId": "0:11:dc68-4e16-451e-9f8d",
        "sensorId": "61"
      },
      "representationProperty": "uniqueId",
      "flag": "NEW",
      "label": "sceneCyclerSlotState",
      "timestamp": 1628714076110,
      "timeToLive": -1
    }
  },
  "hue:group:ecb5fa0d8680:6": {
    "class": "org.openhab.core.config.discovery.internal.DiscoveryResultImpl",
    "value": {
      "bridgeUID": {
        "segments": [
          "hue",
          "bridge",
          "ecb5fa0d8680"
        ],
        "uid": "hue:bridge:ecb5fa0d8680"
      },
      "thingUID": {
        "segments": [
          "hue",
          "group",
          "ecb5fa0d8680",
          "6"
        ],
        "uid": "hue:group:ecb5fa0d8680:6"
      },
      "thingTypeUID": {
        "segments": [
          "hue",
          "group"
        ],
        "uid": ""
      },
      "properties": {
        "groupId": "6"
      },
      "representationProperty": "groupId",
      "flag": "NEW",
      "label": "office (Room)",
      "timestamp": 1628469773071,
      "timeToLive": -1
    }
  },
  "openweathermap:onecall-history:beb9ef9457:local": {
    "class": "org.openhab.core.config.discovery.internal.DiscoveryResultImpl",
    "value": {
      "bridgeUID": {
        "segments": [
          "openweathermap",
          "weather-api",
          "beb9ef9457"
        ],
        "uid": "openweathermap:weather-api:beb9ef9457"
      },
      "thingUID": {
        "segments": [
          "openweathermap",
          "onecall-history",
          "beb9ef9457",
          "local"
        ],
        "uid": "openweathermap:onecall-history:beb9ef9457:local"
      },
      "thingTypeUID": {
        "segments": [
          "openweathermap",
          "onecall-history"
        ],
        "uid": ""
      },
      "properties": {
        "location": "42.61211649237612,-71.42131984233858"
      },
      "representationProperty": "location",
      "flag": "NEW",
      "label": "One Call API History Data",
      "timestamp": 1628685933430,
      "timeToLive": -1
    }
  },
  "hue:0840:ecb5fa0d8680:29": {
    "class": "org.openhab.core.config.discovery.internal.DiscoveryResultImpl",
    "value": {
      "bridgeUID": {
        "segments": [
          "hue",
          "bridge",
          "ecb5fa0d8680"
        ],
        "uid": "hue:bridge:ecb5fa0d8680"
      },
      "thingUID": {
        "segments": [
          "hue",
          "0840",
          "ecb5fa0d8680",
          "29"
        ],
        "uid": "hue:0840:ecb5fa0d8680:29"
      },
      "thingTypeUID": {
        "segments": [
          "hue",
          "0840"
        ],
        "uid": ""
      },
      "properties": {
        "modelId": "HUELABSENUM",
        "uniqueId": "2:0:e8bf-1505-4d51-ae2a",
        "sensorId": "29"
      },
      "representationProperty": "uniqueId",
      "flag": "NEW",
      "label": "cycling",
      "timestamp": 1628469773885,
      "timeToLive": -1
    }
  },
  "openweathermap:onecall:beb9ef9457:local": {
    "class": "org.openhab.core.config.discovery.internal.DiscoveryResultImpl",
    "value": {
      "bridgeUID": {
        "segments": [
          "openweathermap",
          "weather-api",
          "beb9ef9457"
        ],
        "uid": "openweathermap:weather-api:beb9ef9457"
      },
      "thingUID": {
        "segments": [
          "openweathermap",
          "onecall",
          "beb9ef9457",
          "local"
        ],
        "uid": "openweathermap:onecall:beb9ef9457:local"
      },
      "thingTypeUID": {
        "segments": [
          "openweathermap",
          "onecall"
        ],
        "uid": ""
      },
      "properties": {
        "location": "42.61211649237612,-71.42131984233858"
      },
      "representationProperty": "location",
      "flag": "NEW",
      "label": "One Call API Weather and Forecast",
      "timestamp": 1628685933429,
      "timeToLive": -1
    }
  },
  "hue:0840:ecb5fa0d8680:24": {
    "class": "org.openhab.core.config.discovery.internal.DiscoveryResultImpl",
    "value": {
      "bridgeUID": {
        "segments": [
          "hue",
          "bridge",
          "ecb5fa0d8680"
        ],
        "uid": "hue:bridge:ecb5fa0d8680"
      },
      "thingUID": {
        "segments": [
          "hue",
          "0840",
          "ecb5fa0d8680",
          "24"
        ],
        "uid": "hue:0840:ecb5fa0d8680:24"
      },
      "thingTypeUID": {
        "segments": [
          "hue",
          "0840"
        ],
        "uid": ""
      },
      "properties": {
        "modelId": "HUELABSENUM",
        "uniqueId": "2:0:0570-1086-45a7-b678",
        "sensorId": "24"
      },
      "representationProperty": "uniqueId",
      "flag": "NEW",
      "label": "cycling",
      "timestamp": 1628469773879,
      "timeToLive": -1
    }
  },
  "hue:0820:ecb5fa0d8680:59": {
    "class": "org.openhab.core.config.discovery.internal.DiscoveryResultImpl",
    "value": {
      "bridgeUID": {
        "segments": [
          "hue",
          "bridge",
          "ecb5fa0d8680"
        ],
        "uid": "hue:bridge:ecb5fa0d8680"
      },
      "thingUID": {
        "segments": [
          "hue",
          "0820",
          "ecb5fa0d8680",
          "59"
        ],
        "uid": "hue:0820:ecb5fa0d8680:59"
      },
      "thingTypeUID": {
        "segments": [
          "hue",
          "0820"
        ],
        "uid": ""
      },
      "properties": {
        "modelId": "RWL022",
        "uniqueId": "00:17:88:01:09:a4:74:75-01-fc00",
        "sensorId": "59"
      },
      "representationProperty": "uniqueId",
      "flag": "NEW",
      "label": "Hue dimmer switch 2",
      "timestamp": 1628714063321,
      "timeToLive": -1
    }
  },
  "hue:0840:ecb5fa0d8680:47": {
    "class": "org.openhab.core.config.discovery.internal.DiscoveryResultImpl",
    "value": {
      "bridgeUID": {
        "segments": [
          "hue",
          "bridge",
          "ecb5fa0d8680"
        ],
        "uid": "hue:bridge:ecb5fa0d8680"
      },
      "thingUID": {
        "segments": [
          "hue",
          "0840",
          "ecb5fa0d8680",
          "47"
        ],
        "uid": "hue:0840:ecb5fa0d8680:47"
      },
      "thingTypeUID": {
        "segments": [
          "hue",
          "0840"
        ],
        "uid": ""
      },
      "properties": {
        "modelId": "HUELABSENUM",
        "uniqueId": "0:1:1800-e4e0-4792-aac9",
        "sensorId": "47"
      },
      "representationProperty": "uniqueId",
      "flag": "NEW",
      "label": "cycleState",
      "timestamp": 1628469773897,
      "timeToLive": -1
    }
  },
  "hue:0840:ecb5fa0d8680:22": {
    "class": "org.openhab.core.config.discovery.internal.DiscoveryResultImpl",
    "value": {
      "bridgeUID": {
        "segments": [
          "hue",
          "bridge",
          "ecb5fa0d8680"
        ],
        "uid": "hue:bridge:ecb5fa0d8680"
      },
      "thingUID": {
        "segments": [
          "hue",
          "0840",
          "ecb5fa0d8680",
          "22"
        ],
        "uid": "hue:0840:ecb5fa0d8680:22"
      },
      "thingTypeUID": {
        "segments": [
          "hue",
          "0840"
        ],
        "uid": ""
      },
      "properties": {
        "modelId": "PHWA01",
        "uniqueId": "WA0001",
        "sensorId": "22"
      },
      "representationProperty": "uniqueId",
      "flag": "NEW",
      "label": "Dimmer Switch 2 SceneCycle",
      "timestamp": 1628469773876,
      "timeToLive": -1
    }
  },
  "hue:0840:ecb5fa0d8680:33": {
    "class": "org.openhab.core.config.discovery.internal.DiscoveryResultImpl",
    "value": {
      "bridgeUID": {
        "segments": [
          "hue",
          "bridge",
          "ecb5fa0d8680"
        ],
        "uid": "hue:bridge:ecb5fa0d8680"
      },
      "thingUID": {
        "segments": [
          "hue",
          "0840",
          "ecb5fa0d8680",
          "33"
        ],
        "uid": "hue:0840:ecb5fa0d8680:33"
      },
      "thingTypeUID": {
        "segments": [
          "hue",
          "0840"
        ],
        "uid": ""
      },
      "properties": {
        "modelId": "HUELABSENUM",
        "uniqueId": "0:1:9d29-49d2-4d4b-8405",
        "sensorId": "33"
      },
      "representationProperty": "uniqueId",
      "flag": "NEW",
      "label": "cycleState",
      "timestamp": 1628469773889,
      "timeToLive": -1
    }
  },
  "hue:0840:ecb5fa0d8680:44": {
    "class": "org.openhab.core.config.discovery.internal.DiscoveryResultImpl",
    "value": {
      "bridgeUID": {
        "segments": [
          "hue",
          "bridge",
          "ecb5fa0d8680"
        ],
        "uid": "hue:bridge:ecb5fa0d8680"
      },
      "thingUID": {
        "segments": [
          "hue",
          "0840",
          "ecb5fa0d8680",
          "44"
        ],
        "uid": "hue:0840:ecb5fa0d8680:44"
      },
      "thingTypeUID": {
        "segments": [
          "hue",
          "0840"
        ],
        "uid": ""
      },
      "properties": {
        "modelId": "HUELABSENUM",
        "uniqueId": "0:1:6ae7-87e3-4180-94d8",
        "sensorId": "44"
      },
      "representationProperty": "uniqueId",
      "flag": "NEW",
      "label": "cycleState",
      "timestamp": 1628469773894,
      "timeToLive": -1
    }
  },
  "hue:0840:ecb5fa0d8680:34": {
    "class": "org.openhab.core.config.discovery.internal.DiscoveryResultImpl",
    "value": {
      "bridgeUID": {
        "segments": [
          "hue",
          "bridge",
          "ecb5fa0d8680"
        ],
        "uid": "hue:bridge:ecb5fa0d8680"
      },
      "thingUID": {
        "segments": [
          "hue",
          "0840",
          "ecb5fa0d8680",
          "34"
        ],
        "uid": "hue:0840:ecb5fa0d8680:34"
      },
      "thingTypeUID": {
        "segments": [
          "hue",
          "0840"
        ],
        "uid": ""
      },
      "properties": {
        "modelId": "HUELABSENUM",
        "uniqueId": "2:0:0143-f331-4193-983b",
        "sensorId": "34"
      },
      "representationProperty": "uniqueId",
      "flag": "NEW",
      "label": "cycling",
      "timestamp": 1628469773890,
      "timeToLive": -1
    }
  }
}