{
  "widget:UPSthing": {
    "class": "org.openhab.core.items.Metadata",
    "value": {
      "key": {
        "segments": [
          "widget",
          "UPSthing"
        ],
        "uid": "widget:UPSthing"
      },
      "value": " ",
      "configuration": {
        "item": "UPSthing_UPSStatus"
      }
    }
  },
  "cellWidget:Basement": {
    "class": "org.openhab.core.items.Metadata",
    "value": {
      "key": {
        "segments": [
          "cellWidget",
          "Basement"
        ],
        "uid": "cellWidget:Basement"
      },
      "value": " ",
      "configuration": {
        "item": "BasementOfficeThermostat_temperature"
      }
    }
  },
  "widget:ff": {
    "class": "org.openhab.core.items.Metadata",
    "value": {
      "key": {
        "segments": [
          "widget",
          "ff"
        ],
        "uid": "widget:ff"
      },
      "value": " ",
      "configuration": {
        "item": "Temp_Kitchen_Thermo"
      }
    }
  },
  "cellWidget:kitchen": {
    "class": "org.openhab.core.items.Metadata",
    "value": {
      "key": {
        "segments": [
          "cellWidget",
          "kitchen"
        ],
        "uid": "cellWidget:kitchen"
      },
      "value": " ",
      "configuration": {
        "item": "Temp_Kitchen_Thermo2"
      }
    }
  },
  "widget:kitchen": {
    "class": "org.openhab.core.items.Metadata",
    "value": {
      "key": {
        "segments": [
          "widget",
          "kitchen"
        ],
        "uid": "widget:kitchen"
      },
      "value": " ",
      "configuration": {
        "item": "Temp_Kitchen_Thermo2"
      }
    }
  },
  "cellWidget:ff": {
    "class": "org.openhab.core.items.Metadata",
    "value": {
      "key": {
        "segments": [
          "cellWidget",
          "ff"
        ],
        "uid": "cellWidget:ff"
      },
      "value": " ",
      "configuration": {
        "item": "Temp_Kitchen_Thermo"
      }
    }
  },
  "widget:BasementOfficeThermostat": {
    "class": "org.openhab.core.items.Metadata",
    "value": {
      "key": {
        "segments": [
          "widget",
          "BasementOfficeThermostat"
        ],
        "uid": "widget:BasementOfficeThermostat"
      },
      "value": " ",
      "configuration": {
        "item": "BasementOfficeThermostat_temperature"
      }
    }
  },
  "cellWidget:masterBedroom": {
    "class": "org.openhab.core.items.Metadata",
    "value": {
      "key": {
        "segments": [
          "cellWidget",
          "masterBedroom"
        ],
        "uid": "cellWidget:masterBedroom"
      },
      "value": " ",
      "configuration": {
        "item": "Temp_MBR"
      }
    }
  },
  "cellWidget:UPSthing": {
    "class": "org.openhab.core.items.Metadata",
    "value": {
      "key": {
        "segments": [
          "cellWidget",
          "UPSthing"
        ],
        "uid": "cellWidget:UPSthing"
      },
      "value": " ",
      "configuration": {
        "item": "UPSthing_UPSStatus"
      }
    }
  },
  "widget:Basement": {
    "class": "org.openhab.core.items.Metadata",
    "value": {
      "key": {
        "segments": [
          "widget",
          "Basement"
        ],
        "uid": "widget:Basement"
      },
      "value": " ",
      "configuration": {
        "item": "BasementOfficeThermostat_temperature"
      }
    }
  }
}