{
  "widget:UPSthing": {
    "class": "org.openhab.core.items.Metadata",
    "value": {
      "key": {
        "segments": [
          "widget",
          "UPSthing"
        ],
        "uid": "widget:UPSthing"
      },
      "value": " ",
      "configuration": {
        "item": "UPSthing_UPSStatus"
      }
    }
  },
  "listWidget:SonosOneSLBedroom": {
    "class": "org.openhab.core.items.Metadata",
    "value": {
      "key": {
        "segments": [
          "listWidget",
          "SonosOneSLBedroom"
        ],
        "uid": "listWidget:SonosOneSLBedroom"
      },
      "value": "oh-player-item",
      "configuration": {
        "icon": "f7:music_note",
        "title": "Bedroom sonos",
        "artistItem": "SonosOneSLBedroom_MediaArtist",
        "trackItem": "SonosOneSLBedroom_MediaTitle"
      }
    }
  },
  "widget:SonosOneSLBedroom": {
    "class": "org.openhab.core.items.Metadata",
    "value": {
      "key": {
        "segments": [
          "widget",
          "SonosOneSLBedroom"
        ],
        "uid": "widget:SonosOneSLBedroom"
      },
      "value": "oh-player-card",
      "configuration": {
        "item": "SonosOneSLBedroom_MediaTitle",
        "artistItem": "SonosOneSLBedroom_MediaArtist",
        "trackItem": "SonosOneSLBedroom_MediaTitle"
      }
    }
  },
  "cellWidget:UPSthing": {
    "class": "org.openhab.core.items.Metadata",
    "value": {
      "key": {
        "segments": [
          "cellWidget",
          "UPSthing"
        ],
        "uid": "cellWidget:UPSthing"
      },
      "value": " ",
      "configuration": {
        "item": "UPSthing_UPSStatus"
      }
    }
  },
  "widget:ff": {
    "class": "org.openhab.core.items.Metadata",
    "value": {
      "key": {
        "segments": [
          "widget",
          "ff"
        ],
        "uid": "widget:ff"
      },
      "value": " ",
      "configuration": {
        "item": "Temp_Kitchen_Thermo"
      }
    }
  },
  "widget:kitchen": {
    "class": "org.openhab.core.items.Metadata",
    "value": {
      "key": {
        "segments": [
          "widget",
          "kitchen"
        ],
        "uid": "widget:kitchen"
      },
      "value": " ",
      "configuration": {
        "item": "Temp_Kitchen_Thermo2"
      }
    }
  },
  "cellWidget:Basement": {
    "class": "org.openhab.core.items.Metadata",
    "value": {
      "key": {
        "segments": [
          "cellWidget",
          "Basement"
        ],
        "uid": "cellWidget:Basement"
      },
      "value": " ",
      "configuration": {
        "item": "BasementOfficeThermostat_temperature"
      }
    }
  },
  "widget:BasementOfficeThermostat": {
    "class": "org.openhab.core.items.Metadata",
    "value": {
      "key": {
        "segments": [
          "widget",
          "BasementOfficeThermostat"
        ],
        "uid": "widget:BasementOfficeThermostat"
      },
      "value": " ",
      "configuration": {
        "item": "BasementOfficeThermostat_temperature"
      }
    }
  },
  "widget:Lexisroomthermostat": {
    "class": "org.openhab.core.items.Metadata",
    "value": {
      "key": {
        "segments": [
          "widget",
          "Lexisroomthermostat"
        ],
        "uid": "widget:Lexisroomthermostat"
      },
      "value": " ",
      "configuration": {
        "item": "Temp_Lexi_BR"
      }
    }
  },
  "widget:Basement": {
    "class": "org.openhab.core.items.Metadata",
    "value": {
      "key": {
        "segments": [
          "widget",
          "Basement"
        ],
        "uid": "widget:Basement"
      },
      "value": " ",
      "configuration": {
        "item": "BasementOfficeThermostat_temperature"
      }
    }
  },
  "cellWidget:kitchen": {
    "class": "org.openhab.core.items.Metadata",
    "value": {
      "key": {
        "segments": [
          "cellWidget",
          "kitchen"
        ],
        "uid": "cellWidget:kitchen"
      },
      "value": " ",
      "configuration": {
        "item": "Temp_Kitchen_Thermo2"
      }
    }
  },
  "cellWidget:ff": {
    "class": "org.openhab.core.items.Metadata",
    "value": {
      "key": {
        "segments": [
          "cellWidget",
          "ff"
        ],
        "uid": "cellWidget:ff"
      },
      "value": " ",
      "configuration": {
        "item": "Temp_Kitchen_Thermo"
      }
    }
  },
  "cellWidget:masterBedroom": {
    "class": "org.openhab.core.items.Metadata",
    "value": {
      "key": {
        "segments": [
          "cellWidget",
          "masterBedroom"
        ],
        "uid": "cellWidget:masterBedroom"
      },
      "value": " ",
      "configuration": {
        "item": "Temp_MBR"
      }
    }
  }
}