{
  "hue:group:ecb5fa0d8680:6": {
    "class": "org.eclipse.smarthome.config.discovery.internal.DiscoveryResultImpl",
    "value": {
      "bridgeUID": {
        "segments": [
          "hue",
          "bridge",
          "ecb5fa0d8680"
        ]
      },
      "thingUID": {
        "segments": [
          "hue",
          "group",
          "ecb5fa0d8680",
          "6"
        ]
      },
      "thingTypeUID": {
        "segments": [
          "hue",
          "group"
        ]
      },
      "properties": {
        "groupId": "6"
      },
      "representationProperty": "groupId",
      "flag": "NEW",
      "label": "office (Room)",
      "timestamp": 1625927645703,
      "timeToLive": -1
    }
  },
  "hue:0840:ecb5fa0d8680:29": {
    "class": "org.eclipse.smarthome.config.discovery.internal.DiscoveryResultImpl",
    "value": {
      "bridgeUID": {
        "segments": [
          "hue",
          "bridge",
          "ecb5fa0d8680"
        ]
      },
      "thingUID": {
        "segments": [
          "hue",
          "0840",
          "ecb5fa0d8680",
          "29"
        ]
      },
      "thingTypeUID": {
        "segments": [
          "hue",
          "0840"
        ]
      },
      "properties": {
        "modelId": "HUELABSENUM",
        "uniqueId": "2:0:e8bf-1505-4d51-ae2a",
        "sensorId": "29"
      },
      "representationProperty": "uniqueId",
      "flag": "NEW",
      "label": "cycling",
      "timestamp": 1625927646510,
      "timeToLive": -1
    }
  },
  "hue:0840:ecb5fa0d8680:24": {
    "class": "org.eclipse.smarthome.config.discovery.internal.DiscoveryResultImpl",
    "value": {
      "bridgeUID": {
        "segments": [
          "hue",
          "bridge",
          "ecb5fa0d8680"
        ]
      },
      "thingUID": {
        "segments": [
          "hue",
          "0840",
          "ecb5fa0d8680",
          "24"
        ]
      },
      "thingTypeUID": {
        "segments": [
          "hue",
          "0840"
        ]
      },
      "properties": {
        "modelId": "HUELABSENUM",
        "uniqueId": "2:0:0570-1086-45a7-b678",
        "sensorId": "24"
      },
      "representationProperty": "uniqueId",
      "flag": "NEW",
      "label": "cycling",
      "timestamp": 1625927646504,
      "timeToLive": -1
    }
  },
  "hue:0840:ecb5fa0d8680:22": {
    "class": "org.eclipse.smarthome.config.discovery.internal.DiscoveryResultImpl",
    "value": {
      "bridgeUID": {
        "segments": [
          "hue",
          "bridge",
          "ecb5fa0d8680"
        ]
      },
      "thingUID": {
        "segments": [
          "hue",
          "0840",
          "ecb5fa0d8680",
          "22"
        ]
      },
      "thingTypeUID": {
        "segments": [
          "hue",
          "0840"
        ]
      },
      "properties": {
        "modelId": "PHWA01",
        "uniqueId": "WA0001",
        "sensorId": "22"
      },
      "representationProperty": "uniqueId",
      "flag": "NEW",
      "label": "Dimmer Switch 2 SceneCycle",
      "timestamp": 1625927646494,
      "timeToLive": -1
    }
  },
  "hue:0840:ecb5fa0d8680:32": {
    "class": "org.eclipse.smarthome.config.discovery.internal.DiscoveryResultImpl",
    "value": {
      "bridgeUID": {
        "segments": [
          "hue",
          "bridge",
          "ecb5fa0d8680"
        ]
      },
      "thingUID": {
        "segments": [
          "hue",
          "0840",
          "ecb5fa0d8680",
          "32"
        ]
      },
      "thingTypeUID": {
        "segments": [
          "hue",
          "0840"
        ]
      },
      "properties": {
        "modelId": "HUELABSENUM",
        "uniqueId": "2:0:8e33-0fd4-4843-8cda",
        "sensorId": "32"
      },
      "representationProperty": "uniqueId",
      "flag": "NEW",
      "label": "cycling",
      "timestamp": 1625927646513,
      "timeToLive": -1
    }
  },
  "hue:0840:ecb5fa0d8680:33": {
    "class": "org.eclipse.smarthome.config.discovery.internal.DiscoveryResultImpl",
    "value": {
      "bridgeUID": {
        "segments": [
          "hue",
          "bridge",
          "ecb5fa0d8680"
        ]
      },
      "thingUID": {
        "segments": [
          "hue",
          "0840",
          "ecb5fa0d8680",
          "33"
        ]
      },
      "thingTypeUID": {
        "segments": [
          "hue",
          "0840"
        ]
      },
      "properties": {
        "modelId": "HUELABSENUM",
        "uniqueId": "0:1:9d29-49d2-4d4b-8405",
        "sensorId": "33"
      },
      "representationProperty": "uniqueId",
      "flag": "NEW",
      "label": "cycleState",
      "timestamp": 1625927646513,
      "timeToLive": -1
    }
  },
  "hue:0840:ecb5fa0d8680:34": {
    "class": "org.eclipse.smarthome.config.discovery.internal.DiscoveryResultImpl",
    "value": {
      "bridgeUID": {
        "segments": [
          "hue",
          "bridge",
          "ecb5fa0d8680"
        ]
      },
      "thingUID": {
        "segments": [
          "hue",
          "0840",
          "ecb5fa0d8680",
          "34"
        ]
      },
      "thingTypeUID": {
        "segments": [
          "hue",
          "0840"
        ]
      },
      "properties": {
        "modelId": "HUELABSENUM",
        "uniqueId": "2:0:0143-f331-4193-983b",
        "sensorId": "34"
      },
      "representationProperty": "uniqueId",
      "flag": "NEW",
      "label": "cycling",
      "timestamp": 1625927646514,
      "timeToLive": -1
    }
  },
  "hue:0100:ecb5fa0d8680:24": {
    "class": "org.eclipse.smarthome.config.discovery.internal.DiscoveryResultImpl",
    "value": {
      "bridgeUID": {
        "segments": [
          "hue",
          "bridge",
          "ecb5fa0d8680"
        ]
      },
      "thingUID": {
        "segments": [
          "hue",
          "0100",
          "ecb5fa0d8680",
          "24"
        ]
      },
      "thingTypeUID": {
        "segments": [
          "hue",
          "0100"
        ]
      },
      "properties": {
        "lightId": "24",
        "modelId": "LWA003",
        "uniqueId": "00:17:88:01:08:dc:4c:62-0b"
      },
      "representationProperty": "uniqueId",
      "flag": "NEW",
      "label": "paige space light 3",
      "timestamp": 1625927645670,
      "timeToLive": -1
    }
  },
  "hue:0840:ecb5fa0d8680:47": {
    "class": "org.eclipse.smarthome.config.discovery.internal.DiscoveryResultImpl",
    "value": {
      "bridgeUID": {
        "segments": [
          "hue",
          "bridge",
          "ecb5fa0d8680"
        ]
      },
      "thingUID": {
        "segments": [
          "hue",
          "0840",
          "ecb5fa0d8680",
          "47"
        ]
      },
      "thingTypeUID": {
        "segments": [
          "hue",
          "0840"
        ]
      },
      "properties": {
        "modelId": "HUELABSENUM",
        "uniqueId": "0:1:1800-e4e0-4792-aac9",
        "sensorId": "47"
      },
      "representationProperty": "uniqueId",
      "flag": "NEW",
      "label": "cycleState",
      "timestamp": 1625927646523,
      "timeToLive": -1
    }
  },
  "hue:0840:ecb5fa0d8680:44": {
    "class": "org.eclipse.smarthome.config.discovery.internal.DiscoveryResultImpl",
    "value": {
      "bridgeUID": {
        "segments": [
          "hue",
          "bridge",
          "ecb5fa0d8680"
        ]
      },
      "thingUID": {
        "segments": [
          "hue",
          "0840",
          "ecb5fa0d8680",
          "44"
        ]
      },
      "thingTypeUID": {
        "segments": [
          "hue",
          "0840"
        ]
      },
      "properties": {
        "modelId": "HUELABSENUM",
        "uniqueId": "0:1:6ae7-87e3-4180-94d8",
        "sensorId": "44"
      },
      "representationProperty": "uniqueId",
      "flag": "NEW",
      "label": "cycleState",
      "timestamp": 1625927646520,
      "timeToLive": -1
    }
  }
}