{
  "0a7afe61f6": {
    "class": "org.openhab.core.automation.dto.RuleDTO",
    "value": {
      "triggers": [],
      "conditions": [],
      "actions": [
        {
          "inputs": {},
          "id": "script",
          "configuration": {
            "blockSource": "\u003cxml xmlns\u003d\"https://developers.google.com/blockly/xml\"\u003e\u003cblock type\u003d\"oh_log\" id\u003d\"\u003d_*}JhfV{Ve]Rfgti@lW\" x\u003d\"252\" y\u003d\"65\"\u003e\u003cfield name\u003d\"severity\"\u003einfo\u003c/field\u003e\u003cvalue name\u003d\"message\"\u003e\u003cshadow type\u003d\"text\" id\u003d\"\u003dE+56561?RsSUr+qEJ3k\"\u003e\u003cfield name\u003d\"TEXT\"\u003e\n              abc\n            \u003c/field\u003e\u003c/shadow\u003e\u003cblock type\u003d\"text_join\" id\u003d\"KioeR5oOYr/m6AI,Af!0\"\u003e\u003cmutation items\u003d\"2\"\u003e\u003c/mutation\u003e\u003cvalue name\u003d\"ADD0\"\u003e\u003cblock type\u003d\"text\" id\u003d\"iD`G$M5PJ.X5tQb}OUin\"\u003e\u003cfield name\u003d\"TEXT\"\u003eOutdoor temp:\u003c/field\u003e\u003c/block\u003e\u003c/value\u003e\u003cvalue name\u003d\"ADD1\"\u003e\u003cblock type\u003d\"oh_getitem_state\" id\u003d\"@3C7[kxozBkx@@vINo.K\"\u003e\u003cvalue name\u003d\"itemName\"\u003e\u003cshadow type\u003d\"oh_item\" id\u003d\"$UBP0/?AunuX?lT+M0Ew\"\u003e\u003cfield name\u003d\"itemName\"\u003eeqWeather__OutdoorTemperature\u003c/field\u003e\u003c/shadow\u003e\u003c/value\u003e\u003c/block\u003e\u003c/value\u003e\u003c/block\u003e\u003c/value\u003e\u003c/block\u003e\u003c/xml\u003e",
            "type": "application/javascript",
            "script": "var logger \u003d Java.type(\u0027org.slf4j.LoggerFactory\u0027).getLogger(\u0027org.openhab.rule.\u0027 + ctx.ruleUID);\n\n\nlogger.info((\u0027Outdoor temp:\u0027 + String(itemRegistry.getItem(\u0027eqWeather__OutdoorTemperature\u0027).getState())));\n"
          },
          "type": "script.ScriptAction"
        }
      ],
      "configuration": {},
      "configDescriptions": [],
      "uid": "0a7afe61f6",
      "name": "Test_Script",
      "tags": [
        "Script"
      ],
      "visibility": "VISIBLE",
      "description": "Just a test"
    }
  },
  "510b7bba82": {
    "class": "org.openhab.core.automation.dto.RuleDTO",
    "value": {
      "triggers": [],
      "conditions": [],
      "actions": [
        {
          "inputs": {},
          "id": "script",
          "configuration": {
            "type": "application/javascript",
            "script": "var ZonedDateTime \u003d Java.type(\"java.time.ZonedDateTime\");\nvar PersistenceExtensions \u003d Java.type(\"org.openhab.core.persistence.extensions.PersistenceExtensions\");\nvar now \u003d ZonedDateTime.now();\nvar logger \u003d Java.type(\u0027org.slf4j.LoggerFactory\u0027).getLogger(\u0027org.openhab.rule.\u0027 + ctx.ruleUID);\n\nvar deltat \u003d 10\nvar myPersistentItem \u003d itemRegistry.getItem(\"EcobotDeebotMQTT_BatteryState\");\n\nvar cur_charge \u003d itemRegistry.getItem(\u0027EcobotDeebotMQTT_BatteryState\u0027).getState();\nvar prev_charge \u003d PersistenceExtensions.historicState(myPersistentItem, now.minusMinutes( deltat )).state;\nvar deltac \u003d cur_charge - prev_charge;\n\nlogger.info(\u0027+++ Ecovac chage rate calculation using historical method +++\u0027);\nlogger.info((\u0027  current charge:\u0027 + String(cur_charge) + \u0027 previous charge:\u0027 + String(prev_charge)) +\n             \u0027 delta t:\u0027 + String(deltat) + \u0027 delta c:\u0027 + String(deltac) );\n\nvar slope \u003d 0;\n\nif (deltat !\u003d 0) {\n  slope \u003d deltac / deltat;\n}\n\nlogger.info((\u0027  Slope\u003d\u0027 + String(slope)));\nif (slope \u003d\u003d 0) {\n  events.postUpdate(\u0027EcobotDeebotMQTT_ChargeRate\u0027, 0);\n  events.postUpdate(\u0027EcobotDeebotMQTT_DischargeRate\u0027, 0);\n}\nif (slope \u003e 0) {\n  events.postUpdate(\u0027EcobotDeebotMQTT_ChargeRate\u0027, slope);\n  events.postUpdate(\u0027EcobotDeebotMQTT_DischargeRate\u0027, 0);\n}\nif (slope \u003c 0) {\n  events.postUpdate(\u0027EcobotDeebotMQTT_ChargeRate\u0027, 0);\n  events.postUpdate(\u0027EcobotDeebotMQTT_DischargeRate\u0027, (0 - slope));\n}\n\nlogger.info(\u0027+ ecovac charge slope2 done +\u0027);\n\n\n"
          },
          "type": "script.ScriptAction"
        }
      ],
      "configuration": {},
      "configDescriptions": [],
      "uid": "510b7bba82",
      "name": "ecovac_charge_rate2",
      "tags": [
        "Script"
      ],
      "visibility": "VISIBLE",
      "description": "second attempt at ecovac_charge_rate"
    }
  },
  "682c0a5faa": {
    "class": "org.openhab.core.automation.dto.RuleDTO",
    "value": {
      "triggers": [],
      "conditions": [],
      "actions": [
        {
          "inputs": {},
          "id": "1",
          "configuration": {
            "itemName": "ecovac_stuck_time",
            "state": "1"
          },
          "type": "core.ItemStateUpdateAction"
        }
      ],
      "configuration": {},
      "configDescriptions": [],
      "uid": "682c0a5faa",
      "name": "ecovacs_simulate_stuck",
      "tags": [],
      "visibility": "VISIBLE",
      "description": "Run this to set stuck time to 1"
    }
  },
  "27dda77323": {
    "class": "org.openhab.core.automation.dto.RuleDTO",
    "value": {
      "triggers": [
        {
          "id": "1",
          "configuration": {
            "time": "15:00"
          },
          "type": "timer.TimeOfDayTrigger"
        }
      ],
      "conditions": [],
      "actions": [
        {
          "inputs": {},
          "id": "2",
          "configuration": {
            "itemName": "EcobotDeebotMQTT_StartCleaning",
            "command": "ON"
          },
          "type": "core.ItemCommandAction"
        }
      ],
      "configuration": {},
      "configDescriptions": [],
      "uid": "27dda77323",
      "name": "Robot cleaning every day 3:00",
      "tags": [
        "Schedule"
      ],
      "visibility": "VISIBLE"
    }
  },
  "f8b0bd8868": {
    "class": "org.openhab.core.automation.dto.RuleDTO",
    "value": {
      "triggers": [
        {
          "id": "1",
          "configuration": {
            "time": "12:00"
          },
          "type": "timer.TimeOfDayTrigger"
        }
      ],
      "conditions": [],
      "actions": [
        {
          "inputs": {},
          "id": "2",
          "configuration": {
            "itemName": "EcobotDeebotMQTT_StartCleaning",
            "command": "ON"
          },
          "type": "core.ItemCommandAction"
        }
      ],
      "configuration": {},
      "configDescriptions": [],
      "uid": "f8b0bd8868",
      "name": "Robot cleaning every day noon",
      "tags": [
        "Schedule"
      ],
      "visibility": "VISIBLE"
    }
  },
  "37162cedf0": {
    "class": "org.openhab.core.automation.dto.RuleDTO",
    "value": {
      "triggers": [
        {
          "id": "1",
          "configuration": {
            "cronExpression": "0/10 * * * * ? *"
          },
          "type": "timer.GenericCronTrigger"
        }
      ],
      "conditions": [],
      "actions": [
        {
          "inputs": {},
          "id": "2",
          "configuration": {
            "type": "application/javascript",
            "script": "\nvar logger \u003d Java.type(\u0027org.slf4j.LoggerFactory\u0027).getLogger(\u0027org.openhab.rule.\u0027 + ctx.ruleUID);\n\nvar ut1 \u003d java.time.Instant.now().getEpochSecond()\n/* logger.info(\u0027Tick:\u0027 + ut1) */\nevents.sendCommand(\"epoch\", ut1)\n\n/* also update ecovac stuck time */\nvar stucktime \u003d itemRegistry.getItem(\u0027ecovac_stuck_time\u0027).getState(); \nif( stucktime \u003e 0 ) {\n  stucktime +\u003d 10;\n  logger.info(\u0027Stucktime:\u0027 + stucktime)\n  events.sendCommand(\"ecovac_stuck_time\", stucktime )\n}\n"
          },
          "type": "script.ScriptAction"
        }
      ],
      "configuration": {},
      "configDescriptions": [],
      "uid": "37162cedf0",
      "name": "every_second",
      "tags": [],
      "visibility": "VISIBLE",
      "description": "Update time every 10 seconds"
    }
  },
  "6a0b0e688d": {
    "class": "org.openhab.core.automation.dto.RuleDTO",
    "value": {
      "triggers": [
        {
          "id": "1",
          "configuration": {
            "itemName": "Wholehouseswitch_DimmerSwitchState",
            "state": "1001.0"
          },
          "type": "core.ItemStateChangeTrigger"
        }
      ],
      "conditions": [],
      "actions": [
        {
          "inputs": {},
          "id": "2",
          "configuration": {
            "blockSource": "\u003cxml xmlns\u003d\"https://developers.google.com/blockly/xml\"\u003e\u003cblock type\u003d\"oh_log\" id\u003d\"L0wZjdJy%d}-pm5Et6_A\" x\u003d\"152\" y\u003d\"111\"\u003e\u003cfield name\u003d\"severity\"\u003einfo\u003c/field\u003e\u003cvalue name\u003d\"message\"\u003e\u003cshadow type\u003d\"text\" id\u003d\"5GKHlCS05([K(+C+9U5L\"\u003e\u003cfield name\u003d\"TEXT\"\u003e\n              abc\n            \u003c/field\u003e\u003c/shadow\u003e\u003cblock type\u003d\"text_join\" id\u003d\"O2K}m#$AhRwh}DdZ.q_~\"\u003e\u003cmutation items\u003d\"2\"\u003e\u003c/mutation\u003e\u003cvalue name\u003d\"ADD0\"\u003e\u003cblock type\u003d\"text\" id\u003d\"{eAC)^oD!7^aoX$kQmY5\"\u003e\u003cfield name\u003d\"TEXT\"\u003e------ Whole house switch fired new state:\u003c/field\u003e\u003c/block\u003e\u003c/value\u003e\u003cvalue name\u003d\"ADD1\"\u003e\u003cblock type\u003d\"oh_getitem_state\" id\u003d\"@eAz[@WJHzL)nE7Q.AWL\"\u003e\u003cvalue name\u003d\"itemName\"\u003e\u003cshadow type\u003d\"oh_item\" id\u003d\"ir`cUD9f*j__S8;gC/$R\"\u003e\u003cfield name\u003d\"itemName\"\u003eMyItem\u003c/field\u003e\u003c/shadow\u003e\u003cblock type\u003d\"oh_item\" id\u003d\"(*tfNluNjK6DAJP$BxqK\"\u003e\u003cfield name\u003d\"itemName\"\u003eWholehouseswitch_DimmerSwitchState\u003c/field\u003e\u003c/block\u003e\u003c/value\u003e\u003c/block\u003e\u003c/value\u003e\u003c/block\u003e\u003c/value\u003e\u003c/block\u003e\u003c/xml\u003e",
            "type": "application/javascript",
            "script": "var logger \u003d Java.type(\u0027org.slf4j.LoggerFactory\u0027).getLogger(\u0027org.openhab.rule.\u0027 + ctx.ruleUID);\n\n\nlogger.info((\u0027------ Whole house switch fired new state:\u0027 + String(itemRegistry.getItem(\u0027Wholehouseswitch_DimmerSwitchState\u0027).getState())));\n"
          },
          "type": "script.ScriptAction"
        },
        {
          "inputs": {},
          "id": "3",
          "configuration": {
            "considerConditions": true,
            "ruleUIDs": [
              "b01be23dc6"
            ]
          },
          "type": "core.RunRuleAction"
        }
      ],
      "configuration": {},
      "configDescriptions": [],
      "uid": "6a0b0e688d",
      "name": "whole_house_switch_off",
      "tags": [],
      "visibility": "VISIBLE"
    }
  },
  "22434952c3": {
    "class": "org.openhab.core.automation.dto.RuleDTO",
    "value": {
      "triggers": [],
      "conditions": [],
      "actions": [
        {
          "inputs": {},
          "id": "script",
          "configuration": {
            "type": "application/javascript",
            "script": "\nvar logger \u003d Java.type(\u0027org.slf4j.LoggerFactory\u0027).getLogger(\u0027org.openhab.rule.\u0027 + ctx.ruleUID);\n\n\nlogger.info(\u0027Setting time\u0027)\nvar ut1 \u003d java.time.Instant.now().getEpochSecond()\nlogger.info(\u0027Now:\u0027 + ut1)"
          },
          "type": "script.ScriptAction"
        }
      ],
      "configuration": {},
      "configDescriptions": [],
      "uid": "22434952c3",
      "name": "set_time",
      "tags": [
        "Script"
      ],
      "visibility": "VISIBLE",
      "description": "Set the current time"
    }
  },
  "7b4c616880": {
    "class": "org.openhab.core.automation.dto.RuleDTO",
    "value": {
      "triggers": [],
      "conditions": [],
      "actions": [
        {
          "inputs": {},
          "id": "script",
          "configuration": {
            "type": "application/vnd.openhab.dsl.rule",
            "script": "\nval String currentTime \u003d String::format( \"%1$tl:%1$tM%1$tp on %1$tA, %1$tB %1$te, %1$tY\", new java.util.Date )\nval long ut1 \u003d java.time.Instant.now().getEpochSecond()\n\nlogInfo(\"FILE\", \" --- Test script - old school ---- \")\n  \nlogInfo(\"FILE\", \"   * time\u003d\" + currentTime)\nlogInfo(\"FILE\", \"   * ut1\u003d\" + ut1)"
          },
          "type": "script.ScriptAction"
        }
      ],
      "configuration": {},
      "configDescriptions": [],
      "uid": "7b4c616880",
      "name": "test_dsl",
      "tags": [
        "Script"
      ],
      "visibility": "VISIBLE",
      "description": ""
    }
  },
  "4b1809f0dd": {
    "class": "org.openhab.core.automation.dto.RuleDTO",
    "value": {
      "triggers": [
        {
          "id": "1",
          "label": "weekdays 9:00",
          "configuration": {
            "cronExpression": "0 0 9 * * 1-5 *"
          },
          "type": "timer.GenericCronTrigger"
        }
      ],
      "conditions": [],
      "actions": [
        {
          "inputs": {},
          "id": "2",
          "configuration": {
            "itemName": "EcobotDeebotMQTT_StartCleaning",
            "command": "ON"
          },
          "type": "core.ItemCommandAction"
        }
      ],
      "configuration": {},
      "configDescriptions": [],
      "uid": "4b1809f0dd",
      "name": "Robot cleaning 9 weekdays",
      "tags": [
        "Schedule"
      ],
      "visibility": "VISIBLE",
      "description": "Cleaning robot 9:00 on weekdays"
    }
  },
  "747819f1fe": {
    "class": "org.openhab.core.automation.dto.RuleDTO",
    "value": {
      "triggers": [
        {
          "id": "1",
          "configuration": {
            "itemName": "EcobotDeebotMQTT_ChargeState"
          },
          "type": "core.ItemStateChangeTrigger"
        },
        {
          "id": "2",
          "configuration": {
            "itemName": "EcobotDeebotMQTT_CleanState"
          },
          "type": "core.ItemStateChangeTrigger"
        }
      ],
      "conditions": [],
      "actions": [
        {
          "inputs": {},
          "id": "3",
          "configuration": {
            "blockSource": "\u003cxml xmlns\u003d\"https://developers.google.com/blockly/xml\"\u003e\u003cblock type\u003d\"oh_log\" id\u003d\"s~9Qch2H#\u003dvl}V4m|p2Z\" x\u003d\"114\" y\u003d\"82\"\u003e\u003cfield name\u003d\"severity\"\u003einfo\u003c/field\u003e\u003cvalue name\u003d\"message\"\u003e\u003cshadow type\u003d\"text\" id\u003d\"j95mSSE.2#(wl}I%#rnT\"\u003e\u003cfield name\u003d\"TEXT\"\u003e-*- Ecovac state changed -*-\u003c/field\u003e\u003c/shadow\u003e\u003c/value\u003e\u003cnext\u003e\u003cblock type\u003d\"oh_log\" id\u003d\"mk7CC0XT9xwLg6iQU-W,\" collapsed\u003d\"true\"\u003e\u003cfield name\u003d\"severity\"\u003einfo\u003c/field\u003e\u003cvalue name\u003d\"message\"\u003e\u003cshadow type\u003d\"text\" id\u003d\"ETdS4p|ao3)[|T|4Fzgy\"\u003e\u003cfield name\u003d\"TEXT\"\u003e\n              abc\n            \u003c/field\u003e\u003c/shadow\u003e\u003cblock type\u003d\"text_join\" id\u003d\"etZegVPOl6kjysfp//xI\"\u003e\u003cmutation items\u003d\"2\"\u003e\u003c/mutation\u003e\u003cvalue name\u003d\"ADD0\"\u003e\u003cblock type\u003d\"text\" id\u003d\"5j^AB|b.ZVYsk2Uu8$5:\"\u003e\u003cfield name\u003d\"TEXT\"\u003e  charge state:\u003c/field\u003e\u003c/block\u003e\u003c/value\u003e\u003cvalue name\u003d\"ADD1\"\u003e\u003cblock type\u003d\"oh_getitem_state\" id\u003d\"/yg![2crNHF|6M^|EhPV\"\u003e\u003cvalue name\u003d\"itemName\"\u003e\u003cshadow type\u003d\"oh_item\" id\u003d\"/m`Bx?M+~]I{nrc^Z!)Q\"\u003e\u003cfield name\u003d\"itemName\"\u003eMyItem\u003c/field\u003e\u003c/shadow\u003e\u003cblock type\u003d\"oh_item\" id\u003d\"Yb2y*bsXpLtwu{st.cCQ\"\u003e\u003cfield name\u003d\"itemName\"\u003eEcobotDeebotMQTT_ChargeState\u003c/field\u003e\u003c/block\u003e\u003c/value\u003e\u003c/block\u003e\u003c/value\u003e\u003c/block\u003e\u003c/value\u003e\u003cnext\u003e\u003cblock type\u003d\"oh_log\" id\u003d\"k\u003dOGtq3M?G!HAZsgS.[K\"\u003e\u003cfield name\u003d\"severity\"\u003einfo\u003c/field\u003e\u003cvalue name\u003d\"message\"\u003e\u003cshadow type\u003d\"text\"\u003e\u003cfield name\u003d\"TEXT\"\u003e\n              abc\n            \u003c/field\u003e\u003c/shadow\u003e\u003cblock type\u003d\"text_join\" id\u003d\"+_]o9yNK`//qVT72dG+K\"\u003e\u003cmutation items\u003d\"2\"\u003e\u003c/mutation\u003e\u003cvalue name\u003d\"ADD0\"\u003e\u003cblock type\u003d\"text\" id\u003d\"l^Gun+xVTd}KO/5VzxLi\"\u003e\u003cfield name\u003d\"TEXT\"\u003e  clean state:\u003c/field\u003e\u003c/block\u003e\u003c/value\u003e\u003cvalue name\u003d\"ADD1\"\u003e\u003cblock type\u003d\"oh_getitem_state\" id\u003d\"VB58fs\u003ds^7\u003dR43K0B4Xr\"\u003e\u003cvalue name\u003d\"itemName\"\u003e\u003cshadow type\u003d\"oh_item\"\u003e\u003cfield name\u003d\"itemName\"\u003eMyItem\u003c/field\u003e\u003c/shadow\u003e\u003cblock type\u003d\"oh_item\" id\u003d\"{8$\u003dp$7bDq}Z+;LkFOfn\"\u003e\u003cfield name\u003d\"itemName\"\u003eEcobotDeebotMQTT_CleanState\u003c/field\u003e\u003c/block\u003e\u003c/value\u003e\u003c/block\u003e\u003c/value\u003e\u003c/block\u003e\u003c/value\u003e\u003cnext\u003e\u003cblock type\u003d\"controls_if\" id\u003d\"nJBv{D5gC+}MVNr:FVH5\"\u003e\u003cvalue name\u003d\"IF0\"\u003e\u003cblock type\u003d\"logic_compare\" id\u003d\"\u003d)r{F./B:Zj.CL$))YyB\"\u003e\u003cfield name\u003d\"OP\"\u003eEQ\u003c/field\u003e\u003cvalue name\u003d\"A\"\u003e\u003cblock type\u003d\"oh_getitem_state\" id\u003d\"QZH*HS4J5@J|mCM@P!%|\"\u003e\u003cvalue name\u003d\"itemName\"\u003e\u003cshadow type\u003d\"oh_item\" id\u003d\"ku$rXXq~i{|(/D!/fSo`\"\u003e\u003cfield name\u003d\"itemName\"\u003eMyItem\u003c/field\u003e\u003c/shadow\u003e\u003cblock type\u003d\"oh_item\" id\u003d\"tC8jU84uu$7*w)D\u003d!K-n\"\u003e\u003cfield name\u003d\"itemName\"\u003eEcobotDeebotMQTT_ChargeState\u003c/field\u003e\u003c/block\u003e\u003c/value\u003e\u003c/block\u003e\u003c/value\u003e\u003cvalue name\u003d\"B\"\u003e\u003cblock type\u003d\"text\" id\u003d\"BC1S#k3XV1*6icfkA}ky\"\u003e\u003cfield name\u003d\"TEXT\"\u003echarging\u003c/field\u003e\u003c/block\u003e\u003c/value\u003e\u003c/block\u003e\u003c/value\u003e\u003cstatement name\u003d\"DO0\"\u003e\u003cblock type\u003d\"oh_log\" id\u003d\"XnDw9ptWx2q.Z7/)}/W}\"\u003e\u003cfield name\u003d\"severity\"\u003einfo\u003c/field\u003e\u003cvalue name\u003d\"message\"\u003e\u003cshadow type\u003d\"text\" id\u003d\"$i-`e^EU72$E}PS6XPbZ\"\u003e\u003cfield name\u003d\"TEXT\"\u003e  charge state: charging setting numeric to 5\u003c/field\u003e\u003c/shadow\u003e\u003c/value\u003e\u003cnext\u003e\u003cblock type\u003d\"oh_event\" id\u003d\"!ICk?7%3#Za9n45N6x~n\"\u003e\u003cfield name\u003d\"eventType\"\u003esendCommand\u003c/field\u003e\u003cvalue name\u003d\"value\"\u003e\u003cshadow type\u003d\"text\" id\u003d\",~wm7l`cR7ld`-VxZWC^\"\u003e\u003cfield name\u003d\"TEXT\"\u003e\n              value\n            \u003c/field\u003e\u003c/shadow\u003e\u003cblock type\u003d\"math_number\" id\u003d\"c5W~m(nip_qCkJ|*geZ$\"\u003e\u003cfield name\u003d\"NUM\"\u003e5\u003c/field\u003e\u003c/block\u003e\u003c/value\u003e\u003cvalue name\u003d\"itemName\"\u003e\u003cshadow type\u003d\"oh_item\" id\u003d\"\u003d5Nxv5m;4M~^$koEXd_;\"\u003e\u003cfield name\u003d\"itemName\"\u003eMyItem\u003c/field\u003e\u003c/shadow\u003e\u003cblock type\u003d\"oh_item\" id\u003d\"BjhR/$@LZ[2?haF|!{UI\"\u003e\u003cfield name\u003d\"itemName\"\u003eecovac_charge_state_scaled\u003c/field\u003e\u003c/block\u003e\u003c/value\u003e\u003cnext\u003e\u003cblock type\u003d\"oh_event\" id\u003d\"lxF}ceBVqtOuFK;xl6_;\"\u003e\u003cfield name\u003d\"eventType\"\u003epostUpdate\u003c/field\u003e\u003cvalue name\u003d\"value\"\u003e\u003cshadow type\u003d\"text\"\u003e\u003cfield name\u003d\"TEXT\"\u003echarging\u003c/field\u003e\u003c/shadow\u003e\u003cblock type\u003d\"math_number\" id\u003d\"jnCfC#aDch}H,Zv8l,Wf\"\u003e\u003cfield name\u003d\"NUM\"\u003e0\u003c/field\u003e\u003c/block\u003e\u003c/value\u003e\u003cvalue name\u003d\"itemName\"\u003e\u003cshadow type\u003d\"oh_item\"\u003e\u003cfield name\u003d\"itemName\"\u003eMyItem\u003c/field\u003e\u003c/shadow\u003e\u003cblock type\u003d\"oh_item\" id\u003d\"+JAR,]_~L3v8%.[Fel3k\"\u003e\u003cfield name\u003d\"itemName\"\u003eecovac_stuck_time\u003c/field\u003e\u003c/block\u003e\u003c/value\u003e\u003cnext\u003e\u003cblock type\u003d\"controls_if\" id\u003d\"h@5sv%lWe7eWoIauN$S}\"\u003e\u003cvalue name\u003d\"IF0\"\u003e\u003cblock type\u003d\"logic_compare\" id\u003d\"h{xDTEcwU#UYU-lMM!]z\"\u003e\u003cfield name\u003d\"OP\"\u003eEQ\u003c/field\u003e\u003cvalue name\u003d\"A\"\u003e\u003cblock type\u003d\"oh_getitem_state\" id\u003d\";gOk;HH|6$e|f*ymNY*(\"\u003e\u003cvalue name\u003d\"itemName\"\u003e\u003cshadow type\u003d\"oh_item\"\u003e\u003cfield name\u003d\"itemName\"\u003eMyItem\u003c/field\u003e\u003c/shadow\u003e\u003cblock type\u003d\"oh_item\" id\u003d\"ka%$;omsngF]VO+KG6:_\"\u003e\u003cfield name\u003d\"itemName\"\u003eEcobotDeebotMQTT_CleanState\u003c/field\u003e\u003c/block\u003e\u003c/value\u003e\u003c/block\u003e\u003c/value\u003e\u003cvalue name\u003d\"B\"\u003e\u003cblock type\u003d\"text\" id\u003d\"Ofy?!B{!WO9BA$zu:B5$\"\u003e\u003cfield name\u003d\"TEXT\"\u003estop\u003c/field\u003e\u003c/block\u003e\u003c/value\u003e\u003c/block\u003e\u003c/value\u003e\u003cstatement name\u003d\"DO0\"\u003e\u003cblock type\u003d\"oh_log\" id\u003d\"{xQ_Qy{wDxA%rDA^2lB\u003d\"\u003e\u003cfield name\u003d\"severity\"\u003einfo\u003c/field\u003e\u003cvalue name\u003d\"message\"\u003e\u003cshadow type\u003d\"text\" id\u003d\"8m6G[S[2O9Oh#iXkgSxr\"\u003e\u003cfield name\u003d\"TEXT\"\u003e  clean state:stop, setting numeric to 20, bot state to charging 50\u003c/field\u003e\u003c/shadow\u003e\u003c/value\u003e\u003cnext\u003e\u003cblock type\u003d\"oh_event\" id\u003d\"8JPJkPrX+(N?xl?SVH0@\"\u003e\u003cfield name\u003d\"eventType\"\u003epostUpdate\u003c/field\u003e\u003cvalue name\u003d\"value\"\u003e\u003cshadow type\u003d\"text\"\u003e\u003cfield name\u003d\"TEXT\"\u003e\n              value\n            \u003c/field\u003e\u003c/shadow\u003e\u003cblock type\u003d\"math_number\" id\u003d\"x^85dQbpA2u]UnHoUJlt\"\u003e\u003cfield name\u003d\"NUM\"\u003e20\u003c/field\u003e\u003c/block\u003e\u003c/value\u003e\u003cvalue name\u003d\"itemName\"\u003e\u003cshadow type\u003d\"oh_item\"\u003e\u003cfield name\u003d\"itemName\"\u003eMyItem\u003c/field\u003e\u003c/shadow\u003e\u003cblock type\u003d\"oh_item\" id\u003d\"ggpmubsAsVQCAMF;6dwJ\"\u003e\u003cfield name\u003d\"itemName\"\u003eecovac_clean_state\u003c/field\u003e\u003c/block\u003e\u003c/value\u003e\u003cnext\u003e\u003cblock type\u003d\"oh_event\" id\u003d\"|!fbrcw~bq/%sC8\u003drN]b\"\u003e\u003cfield name\u003d\"eventType\"\u003epostUpdate\u003c/field\u003e\u003cvalue name\u003d\"value\"\u003e\u003cshadow type\u003d\"text\" id\u003d\"o4?-b)~g[!I:x7MXP,Oa\"\u003e\u003cfield name\u003d\"TEXT\"\u003echarging\u003c/field\u003e\u003c/shadow\u003e\u003c/value\u003e\u003cvalue name\u003d\"itemName\"\u003e\u003cshadow type\u003d\"oh_item\"\u003e\u003cfield name\u003d\"itemName\"\u003eMyItem\u003c/field\u003e\u003c/shadow\u003e\u003cblock type\u003d\"oh_item\" id\u003d\"YIX7fG$g^{{*H/Daaw_+\"\u003e\u003cfield name\u003d\"itemName\"\u003eecovac_bot_status\u003c/field\u003e\u003c/block\u003e\u003c/value\u003e\u003cnext\u003e\u003cblock type\u003d\"oh_event\" id\u003d\"YZ}|KrCGwtRV{oTBbS_3\"\u003e\u003cfield name\u003d\"eventType\"\u003epostUpdate\u003c/field\u003e\u003cvalue name\u003d\"value\"\u003e\u003cshadow type\u003d\"text\" id\u003d\"-Fp`}%v[Y$`RR$3uf@tU\"\u003e\u003cfield name\u003d\"TEXT\"\u003echarging\u003c/field\u003e\u003c/shadow\u003e\u003cblock type\u003d\"math_number\" id\u003d\"#Q9myZOa)|0vQ+[/dEyp\"\u003e\u003cfield name\u003d\"NUM\"\u003e50\u003c/field\u003e\u003c/block\u003e\u003c/value\u003e\u003cvalue name\u003d\"itemName\"\u003e\u003cshadow type\u003d\"oh_item\"\u003e\u003cfield name\u003d\"itemName\"\u003eMyItem\u003c/field\u003e\u003c/shadow\u003e\u003cblock type\u003d\"oh_item\" id\u003d\"WykD${*(9;#fxMcMgJ7R\"\u003e\u003cfield name\u003d\"itemName\"\u003eecovac_bot_status_scaled\u003c/field\u003e\u003c/block\u003e\u003c/value\u003e\u003c/block\u003e\u003c/next\u003e\u003c/block\u003e\u003c/next\u003e\u003c/block\u003e\u003c/next\u003e\u003c/block\u003e\u003c/statement\u003e\u003cnext\u003e\u003cblock type\u003d\"controls_if\" id\u003d\"Y{Bat-1gm|^Rl[XsTwH*\"\u003e\u003cvalue name\u003d\"IF0\"\u003e\u003cblock type\u003d\"logic_compare\" id\u003d\"er)F`7N,;Kv+0twL#8CK\"\u003e\u003cfield name\u003d\"OP\"\u003eNEQ\u003c/field\u003e\u003cvalue name\u003d\"A\"\u003e\u003cblock type\u003d\"oh_getitem_state\" id\u003d\"YIXE1F[yYFw~r5[ULF]s\"\u003e\u003cvalue name\u003d\"itemName\"\u003e\u003cshadow type\u003d\"oh_item\"\u003e\u003cfield name\u003d\"itemName\"\u003eMyItem\u003c/field\u003e\u003c/shadow\u003e\u003cblock type\u003d\"oh_item\" id\u003d\"WCvQ]*vvCL}jV:wSj@DU\"\u003e\u003cfield name\u003d\"itemName\"\u003eEcobotDeebotMQTT_CleanState\u003c/field\u003e\u003c/block\u003e\u003c/value\u003e\u003c/block\u003e\u003c/value\u003e\u003cvalue name\u003d\"B\"\u003e\u003cblock type\u003d\"text\" id\u003d\"{GXbl.Dc4M-6^,G@Z8F)\"\u003e\u003cfield name\u003d\"TEXT\"\u003estop\u003c/field\u003e\u003c/block\u003e\u003c/value\u003e\u003c/block\u003e\u003c/value\u003e\u003cstatement name\u003d\"DO0\"\u003e\u003cblock type\u003d\"oh_log\" id\u003d\"4[_QG5DHA/14Sf0w8ed{\"\u003e\u003cfield name\u003d\"severity\"\u003eerror\u003c/field\u003e\u003cvalue name\u003d\"message\"\u003e\u003cshadow type\u003d\"text\" id\u003d\"~NQ.iFsyKVJ$]zs$Pa,2\"\u003e\u003cfield name\u003d\"TEXT\"\u003e-*- ERROR: -*- Unexpected state: charging and not stopped -*-\u003c/field\u003e\u003c/shadow\u003e\u003c/value\u003e\u003c/block\u003e\u003c/statement\u003e\u003c/block\u003e\u003c/next\u003e\u003c/block\u003e\u003c/next\u003e\u003c/block\u003e\u003c/next\u003e\u003c/block\u003e\u003c/next\u003e\u003c/block\u003e\u003c/statement\u003e\u003cnext\u003e\u003cblock type\u003d\"controls_if\" id\u003d\"lgj4Gef|7-x9Yyrb#\u003d_H\"\u003e\u003cvalue name\u003d\"IF0\"\u003e\u003cblock type\u003d\"logic_compare\" id\u003d\"^]R%F[cJ*0g38t0^t0dF\"\u003e\u003cfield name\u003d\"OP\"\u003eEQ\u003c/field\u003e\u003cvalue name\u003d\"A\"\u003e\u003cblock type\u003d\"oh_getitem_state\" id\u003d\"DrNz6ILfCE3j[t~xRZny\"\u003e\u003cvalue name\u003d\"itemName\"\u003e\u003cshadow type\u003d\"oh_item\"\u003e\u003cfield name\u003d\"itemName\"\u003eMyItem\u003c/field\u003e\u003c/shadow\u003e\u003cblock type\u003d\"oh_item\" id\u003d\"}hxdYT]SVN|[~miyc64+\"\u003e\u003cfield name\u003d\"itemName\"\u003eEcobotDeebotMQTT_ChargeState\u003c/field\u003e\u003c/block\u003e\u003c/value\u003e\u003c/block\u003e\u003c/value\u003e\u003cvalue name\u003d\"B\"\u003e\u003cblock type\u003d\"text\" id\u003d\"0hX1tSA(gcYn.4VF-PmY\"\u003e\u003cfield name\u003d\"TEXT\"\u003eidle\u003c/field\u003e\u003c/block\u003e\u003c/value\u003e\u003c/block\u003e\u003c/value\u003e\u003cstatement name\u003d\"DO0\"\u003e\u003cblock type\u003d\"oh_log\" id\u003d\"|hq,;q8!AvHo^aXm$/u]\"\u003e\u003cfield name\u003d\"severity\"\u003einfo\u003c/field\u003e\u003cvalue name\u003d\"message\"\u003e\u003cshadow type\u003d\"text\" id\u003d\"QfryfsEVArE(UBV$U+0H\"\u003e\u003cfield name\u003d\"TEXT\"\u003e  charge state: idle setting numeric to 10\u003c/field\u003e\u003c/shadow\u003e\u003c/value\u003e\u003cnext\u003e\u003cblock type\u003d\"oh_event\" id\u003d\"i(GO;Q_/8vo@ocgSZt\u003dR\"\u003e\u003cfield name\u003d\"eventType\"\u003esendCommand\u003c/field\u003e\u003cvalue name\u003d\"value\"\u003e\u003cshadow type\u003d\"text\"\u003e\u003cfield name\u003d\"TEXT\"\u003e\n              value\n            \u003c/field\u003e\u003c/shadow\u003e\u003cblock type\u003d\"math_number\" id\u003d\"D?$nm\u003d5pW-|KX[L{];Hi\"\u003e\u003cfield name\u003d\"NUM\"\u003e10\u003c/field\u003e\u003c/block\u003e\u003c/value\u003e\u003cvalue name\u003d\"itemName\"\u003e\u003cshadow type\u003d\"oh_item\"\u003e\u003cfield name\u003d\"itemName\"\u003eMyItem\u003c/field\u003e\u003c/shadow\u003e\u003cblock type\u003d\"oh_item\" id\u003d\"qoYWtqbt%/pLDiNdFmk9\"\u003e\u003cfield name\u003d\"itemName\"\u003eecovac_charge_state_scaled\u003c/field\u003e\u003c/block\u003e\u003c/value\u003e\u003cnext\u003e\u003cblock type\u003d\"controls_if\" id\u003d\"N3D+:}45]$$oVQ1_yufB\"\u003e\u003cvalue name\u003d\"IF0\"\u003e\u003cblock type\u003d\"logic_compare\" id\u003d\"C\u003duMxIp$_/,`TaV3tKS{\"\u003e\u003cfield name\u003d\"OP\"\u003eEQ\u003c/field\u003e\u003cvalue name\u003d\"A\"\u003e\u003cblock type\u003d\"oh_getitem_state\" id\u003d\":vxir80/S}A$y#mlGnCz\"\u003e\u003cvalue name\u003d\"itemName\"\u003e\u003cshadow type\u003d\"oh_item\"\u003e\u003cfield name\u003d\"itemName\"\u003eMyItem\u003c/field\u003e\u003c/shadow\u003e\u003cblock type\u003d\"oh_item\" id\u003d\"*ws4rMCq]7g;+`dq@D5y\"\u003e\u003cfield name\u003d\"itemName\"\u003eEcobotDeebotMQTT_CleanState\u003c/field\u003e\u003c/block\u003e\u003c/value\u003e\u003c/block\u003e\u003c/value\u003e\u003cvalue name\u003d\"B\"\u003e\u003cblock type\u003d\"text\" id\u003d\"!gl*}-[YS{Ojn4\u003dax,4*\"\u003e\u003cfield name\u003d\"TEXT\"\u003eauto\u003c/field\u003e\u003c/block\u003e\u003c/value\u003e\u003c/block\u003e\u003c/value\u003e\u003cstatement name\u003d\"DO0\"\u003e\u003cblock type\u003d\"oh_log\" id\u003d\"hF0gMH#u+Q:lTI1.sVzz\"\u003e\u003cfield name\u003d\"severity\"\u003einfo\u003c/field\u003e\u003cvalue name\u003d\"message\"\u003e\u003cshadow type\u003d\"text\" id\u003d\"i!o~Dpo)*Di8_/\u003dio~?M\"\u003e\u003cfield name\u003d\"TEXT\"\u003e  clean state:auto, setting numeric to 25, bot state to cleaning 60\u003c/field\u003e\u003c/shadow\u003e\u003c/value\u003e\u003cnext\u003e\u003cblock type\u003d\"oh_event\" id\u003d\"A:LN-R$`Ts2WI[YTQtg]\"\u003e\u003cfield name\u003d\"eventType\"\u003epostUpdate\u003c/field\u003e\u003cvalue name\u003d\"value\"\u003e\u003cshadow type\u003d\"text\"\u003e\u003cfield name\u003d\"TEXT\"\u003e\n              value\n            \u003c/field\u003e\u003c/shadow\u003e\u003cblock type\u003d\"math_number\" id\u003d\"x.G4dE/PkUZ5hY6K_;X+\"\u003e\u003cfield name\u003d\"NUM\"\u003e25\u003c/field\u003e\u003c/block\u003e\u003c/value\u003e\u003cvalue name\u003d\"itemName\"\u003e\u003cshadow type\u003d\"oh_item\"\u003e\u003cfield name\u003d\"itemName\"\u003eMyItem\u003c/field\u003e\u003c/shadow\u003e\u003cblock type\u003d\"oh_item\" id\u003d\"5tLgeUnWNaK+yREJ3COR\"\u003e\u003cfield name\u003d\"itemName\"\u003eecovac_clean_state\u003c/field\u003e\u003c/block\u003e\u003c/value\u003e\u003cnext\u003e\u003cblock type\u003d\"oh_event\" id\u003d\"4urH8gwXOBzwCSU}%zyx\"\u003e\u003cfield name\u003d\"eventType\"\u003epostUpdate\u003c/field\u003e\u003cvalue name\u003d\"value\"\u003e\u003cshadow type\u003d\"text\"\u003e\u003cfield name\u003d\"TEXT\"\u003echarging\u003c/field\u003e\u003c/shadow\u003e\u003cblock type\u003d\"math_number\" id\u003d\"?fKtc1npR?e2HJ5VXDNR\"\u003e\u003cfield name\u003d\"NUM\"\u003e0\u003c/field\u003e\u003c/block\u003e\u003c/value\u003e\u003cvalue name\u003d\"itemName\"\u003e\u003cshadow type\u003d\"oh_item\"\u003e\u003cfield name\u003d\"itemName\"\u003eMyItem\u003c/field\u003e\u003c/shadow\u003e\u003cblock type\u003d\"oh_item\" id\u003d\"t4j~:$z5y8-f{tEI5+l1\"\u003e\u003cfield name\u003d\"itemName\"\u003eecovac_stuck_time\u003c/field\u003e\u003c/block\u003e\u003c/value\u003e\u003cnext\u003e\u003cblock type\u003d\"oh_event\" id\u003d\"y^n`:u-QUN7ZMC%Vt|9p\"\u003e\u003cfield name\u003d\"eventType\"\u003epostUpdate\u003c/field\u003e\u003cvalue name\u003d\"value\"\u003e\u003cshadow type\u003d\"text\" id\u003d\"2H6sOXOS{VQ~#G;T1ecJ\"\u003e\u003cfield name\u003d\"TEXT\"\u003ecleaning\u003c/field\u003e\u003c/shadow\u003e\u003c/value\u003e\u003cvalue name\u003d\"itemName\"\u003e\u003cshadow type\u003d\"oh_item\"\u003e\u003cfield name\u003d\"itemName\"\u003eMyItem\u003c/field\u003e\u003c/shadow\u003e\u003cblock type\u003d\"oh_item\" id\u003d\"o-flu0pbZKN}):6wiM(4\"\u003e\u003cfield name\u003d\"itemName\"\u003eecovac_bot_status\u003c/field\u003e\u003c/block\u003e\u003c/value\u003e\u003cnext\u003e\u003cblock type\u003d\"oh_event\" id\u003d\"qX`C`|I4*tU^VbY5~:BG\"\u003e\u003cfield name\u003d\"eventType\"\u003epostUpdate\u003c/field\u003e\u003cvalue name\u003d\"value\"\u003e\u003cshadow type\u003d\"text\"\u003e\u003cfield name\u003d\"TEXT\"\u003echarging\u003c/field\u003e\u003c/shadow\u003e\u003cblock type\u003d\"math_number\" id\u003d\"C,l:CJlN@}0U{%au%6IU\"\u003e\u003cfield name\u003d\"NUM\"\u003e60\u003c/field\u003e\u003c/block\u003e\u003c/value\u003e\u003cvalue name\u003d\"itemName\"\u003e\u003cshadow type\u003d\"oh_item\"\u003e\u003cfield name\u003d\"itemName\"\u003eMyItem\u003c/field\u003e\u003c/shadow\u003e\u003cblock type\u003d\"oh_item\" id\u003d\"#@#?evE}Y6K-C#~)nZC]\"\u003e\u003cfield name\u003d\"itemName\"\u003eecovac_bot_status_scaled\u003c/field\u003e\u003c/block\u003e\u003c/value\u003e\u003c/block\u003e\u003c/next\u003e\u003c/block\u003e\u003c/next\u003e\u003c/block\u003e\u003c/next\u003e\u003c/block\u003e\u003c/next\u003e\u003c/block\u003e\u003c/statement\u003e\u003cnext\u003e\u003cblock type\u003d\"controls_if\" id\u003d\"iP^B-A7@`LIXb@0)B$]T\"\u003e\u003cvalue name\u003d\"IF0\"\u003e\u003cblock type\u003d\"logic_compare\" id\u003d\"[+S7P}*VPY(QYJfZpq#e\"\u003e\u003cfield name\u003d\"OP\"\u003eEQ\u003c/field\u003e\u003cvalue name\u003d\"A\"\u003e\u003cblock type\u003d\"oh_getitem_state\" id\u003d\"w-Y%1r~_NJKZ.rx~~\u003d;X\"\u003e\u003cvalue name\u003d\"itemName\"\u003e\u003cshadow type\u003d\"oh_item\"\u003e\u003cfield name\u003d\"itemName\"\u003eMyItem\u003c/field\u003e\u003c/shadow\u003e\u003cblock type\u003d\"oh_item\" id\u003d\"baQZXWp*OSxepA-hD_eB\"\u003e\u003cfield name\u003d\"itemName\"\u003eEcobotDeebotMQTT_CleanState\u003c/field\u003e\u003c/block\u003e\u003c/value\u003e\u003c/block\u003e\u003c/value\u003e\u003cvalue name\u003d\"B\"\u003e\u003cblock type\u003d\"text\" id\u003d\"9CjwH-B2zHA?81CFg\u003dYI\"\u003e\u003cfield name\u003d\"TEXT\"\u003espot\u003c/field\u003e\u003c/block\u003e\u003c/value\u003e\u003c/block\u003e\u003c/value\u003e\u003cstatement name\u003d\"DO0\"\u003e\u003cblock type\u003d\"oh_log\" id\u003d\"ayRb7PUexf(RaTF(ukbj\"\u003e\u003cfield name\u003d\"severity\"\u003einfo\u003c/field\u003e\u003cvalue name\u003d\"message\"\u003e\u003cshadow type\u003d\"text\" id\u003d\"|21%q\u003dkvyce?:tBF\u003d~ud\"\u003e\u003cfield name\u003d\"TEXT\"\u003e  clean state:spot, setting numeric to 30, bot state to spotcleaning 65\u003c/field\u003e\u003c/shadow\u003e\u003c/value\u003e\u003cnext\u003e\u003cblock type\u003d\"oh_event\" id\u003d\"Y,t0.bLCFx2ZJmJD|_SO\"\u003e\u003cfield name\u003d\"eventType\"\u003epostUpdate\u003c/field\u003e\u003cvalue name\u003d\"value\"\u003e\u003cshadow type\u003d\"text\"\u003e\u003cfield name\u003d\"TEXT\"\u003e\n              value\n            \u003c/field\u003e\u003c/shadow\u003e\u003cblock type\u003d\"math_number\" id\u003d\"12,3R\u003dk}cYno%(g#@+yr\"\u003e\u003cfield name\u003d\"NUM\"\u003e30\u003c/field\u003e\u003c/block\u003e\u003c/value\u003e\u003cvalue name\u003d\"itemName\"\u003e\u003cshadow type\u003d\"oh_item\"\u003e\u003cfield name\u003d\"itemName\"\u003eMyItem\u003c/field\u003e\u003c/shadow\u003e\u003cblock type\u003d\"oh_item\" id\u003d\"s~ip%k+95R#vBxIDH#C!\"\u003e\u003cfield name\u003d\"itemName\"\u003eecovac_clean_state\u003c/field\u003e\u003c/block\u003e\u003c/value\u003e\u003cnext\u003e\u003cblock type\u003d\"oh_event\" id\u003d\"9,v)r.s!HLaz.CfTvlbT\"\u003e\u003cfield name\u003d\"eventType\"\u003epostUpdate\u003c/field\u003e\u003cvalue name\u003d\"value\"\u003e\u003cshadow type\u003d\"text\"\u003e\u003cfield name\u003d\"TEXT\"\u003echarging\u003c/field\u003e\u003c/shadow\u003e\u003cblock type\u003d\"math_number\" id\u003d\"/:2$Efo2z)M,vuK5vPLs\"\u003e\u003cfield name\u003d\"NUM\"\u003e0\u003c/field\u003e\u003c/block\u003e\u003c/value\u003e\u003cvalue name\u003d\"itemName\"\u003e\u003cshadow type\u003d\"oh_item\"\u003e\u003cfield name\u003d\"itemName\"\u003eMyItem\u003c/field\u003e\u003c/shadow\u003e\u003cblock type\u003d\"oh_item\" id\u003d\"{WYZDdZ,%gC-vl^XT.6]\"\u003e\u003cfield name\u003d\"itemName\"\u003eecovac_stuck_time\u003c/field\u003e\u003c/block\u003e\u003c/value\u003e\u003cnext\u003e\u003cblock type\u003d\"oh_event\" id\u003d\"j(aq3QhIKzJ-j5fYtRh*\"\u003e\u003cfield name\u003d\"eventType\"\u003epostUpdate\u003c/field\u003e\u003cvalue name\u003d\"value\"\u003e\u003cshadow type\u003d\"text\" id\u003d\"@QcIxAS:VMK7M!$Hh(_,\"\u003e\u003cfield name\u003d\"TEXT\"\u003espotcleaning\u003c/field\u003e\u003c/shadow\u003e\u003c/value\u003e\u003cvalue name\u003d\"itemName\"\u003e\u003cshadow type\u003d\"oh_item\"\u003e\u003cfield name\u003d\"itemName\"\u003eMyItem\u003c/field\u003e\u003c/shadow\u003e\u003cblock type\u003d\"oh_item\" id\u003d\".@:iPrY]qP$)iDOiCx.$\"\u003e\u003cfield name\u003d\"itemName\"\u003eecovac_bot_status\u003c/field\u003e\u003c/block\u003e\u003c/value\u003e\u003cnext\u003e\u003cblock type\u003d\"oh_event\" id\u003d\"nUZflPEscf0d_4k]jLZ5\"\u003e\u003cfield name\u003d\"eventType\"\u003epostUpdate\u003c/field\u003e\u003cvalue name\u003d\"value\"\u003e\u003cshadow type\u003d\"text\"\u003e\u003cfield name\u003d\"TEXT\"\u003echarging\u003c/field\u003e\u003c/shadow\u003e\u003cblock type\u003d\"math_number\" id\u003d\"sJtIV;O-akMf[RA%HDh\u003d\"\u003e\u003cfield name\u003d\"NUM\"\u003e65\u003c/field\u003e\u003c/block\u003e\u003c/value\u003e\u003cvalue name\u003d\"itemName\"\u003e\u003cshadow type\u003d\"oh_item\"\u003e\u003cfield name\u003d\"itemName\"\u003eMyItem\u003c/field\u003e\u003c/shadow\u003e\u003cblock type\u003d\"oh_item\" id\u003d\"GR0.%#Hi)o^C(Z~I6.?n\"\u003e\u003cfield name\u003d\"itemName\"\u003eecovac_bot_status_scaled\u003c/field\u003e\u003c/block\u003e\u003c/value\u003e\u003c/block\u003e\u003c/next\u003e\u003c/block\u003e\u003c/next\u003e\u003c/block\u003e\u003c/next\u003e\u003c/block\u003e\u003c/next\u003e\u003c/block\u003e\u003c/statement\u003e\u003cnext\u003e\u003cblock type\u003d\"controls_if\" id\u003d\"_r;6`0FEoJZoqQhQFJ)9\"\u003e\u003cvalue name\u003d\"IF0\"\u003e\u003cblock type\u003d\"logic_compare\" id\u003d\")8U80iEH{Ap^GI/T^/WI\"\u003e\u003cfield name\u003d\"OP\"\u003eEQ\u003c/field\u003e\u003cvalue name\u003d\"A\"\u003e\u003cblock type\u003d\"oh_getitem_state\" id\u003d\"t%/VUm8Rmxx-).qR_Y,?\"\u003e\u003cvalue name\u003d\"itemName\"\u003e\u003cshadow type\u003d\"oh_item\"\u003e\u003cfield name\u003d\"itemName\"\u003eMyItem\u003c/field\u003e\u003c/shadow\u003e\u003cblock type\u003d\"oh_item\" id\u003d\"Ig0H5_]ivKqIBv,A0)La\"\u003e\u003cfield name\u003d\"itemName\"\u003eEcobotDeebotMQTT_CleanState\u003c/field\u003e\u003c/block\u003e\u003c/value\u003e\u003c/block\u003e\u003c/value\u003e\u003cvalue name\u003d\"B\"\u003e\u003cblock type\u003d\"text\" id\u003d\"/7l\u003d,`]TA5wQlK:e[.{9\"\u003e\u003cfield name\u003d\"TEXT\"\u003esingleRoom\u003c/field\u003e\u003c/block\u003e\u003c/value\u003e\u003c/block\u003e\u003c/value\u003e\u003cstatement name\u003d\"DO0\"\u003e\u003cblock type\u003d\"oh_log\" id\u003d\"T7.k|e!Ri}aW7UVtB3w}\"\u003e\u003cfield name\u003d\"severity\"\u003einfo\u003c/field\u003e\u003cvalue name\u003d\"message\"\u003e\u003cshadow type\u003d\"text\" id\u003d\"Ce$|-8X2-qPEg~M^4IM+\"\u003e\u003cfield name\u003d\"TEXT\"\u003e  clean state:singleroom, setting numeric to 35, bot state to spotcleaning 66\u003c/field\u003e\u003c/shadow\u003e\u003c/value\u003e\u003cnext\u003e\u003cblock type\u003d\"oh_event\" id\u003d\"}T2TmtulIt7\u003d;@kC]w#F\"\u003e\u003cfield name\u003d\"eventType\"\u003epostUpdate\u003c/field\u003e\u003cvalue name\u003d\"value\"\u003e\u003cshadow type\u003d\"text\"\u003e\u003cfield name\u003d\"TEXT\"\u003e\n              value\n            \u003c/field\u003e\u003c/shadow\u003e\u003cblock type\u003d\"math_number\" id\u003d\"9cH\u003d0`mmGu\u003d[xg3%j!9o\"\u003e\u003cfield name\u003d\"NUM\"\u003e35\u003c/field\u003e\u003c/block\u003e\u003c/value\u003e\u003cvalue name\u003d\"itemName\"\u003e\u003cshadow type\u003d\"oh_item\"\u003e\u003cfield name\u003d\"itemName\"\u003eMyItem\u003c/field\u003e\u003c/shadow\u003e\u003cblock type\u003d\"oh_item\" id\u003d\"i2qx~RES30*x~]/93)z5\"\u003e\u003cfield name\u003d\"itemName\"\u003eecovac_clean_state\u003c/field\u003e\u003c/block\u003e\u003c/value\u003e\u003cnext\u003e\u003cblock type\u003d\"oh_event\" id\u003d\"tKu/3L;0f$^0l$a2|Ha$\"\u003e\u003cfield name\u003d\"eventType\"\u003epostUpdate\u003c/field\u003e\u003cvalue name\u003d\"value\"\u003e\u003cshadow type\u003d\"text\"\u003e\u003cfield name\u003d\"TEXT\"\u003echarging\u003c/field\u003e\u003c/shadow\u003e\u003cblock type\u003d\"math_number\" id\u003d\"-k|Pf~fA[qGmGEkNGvF+\"\u003e\u003cfield name\u003d\"NUM\"\u003e0\u003c/field\u003e\u003c/block\u003e\u003c/value\u003e\u003cvalue name\u003d\"itemName\"\u003e\u003cshadow type\u003d\"oh_item\"\u003e\u003cfield name\u003d\"itemName\"\u003eMyItem\u003c/field\u003e\u003c/shadow\u003e\u003cblock type\u003d\"oh_item\" id\u003d\".p[e)+dFyutdf]H-AHpq\"\u003e\u003cfield name\u003d\"itemName\"\u003eecovac_stuck_time\u003c/field\u003e\u003c/block\u003e\u003c/value\u003e\u003cnext\u003e\u003cblock type\u003d\"oh_event\" id\u003d\"pO?ya3q0rKTDU2bxuSCn\"\u003e\u003cfield name\u003d\"eventType\"\u003epostUpdate\u003c/field\u003e\u003cvalue name\u003d\"value\"\u003e\u003cshadow type\u003d\"text\" id\u003d\"iwm(MV:|B9.a;dYS*uT]\"\u003e\u003cfield name\u003d\"TEXT\"\u003eroomcleaning\u003c/field\u003e\u003c/shadow\u003e\u003c/value\u003e\u003cvalue name\u003d\"itemName\"\u003e\u003cshadow type\u003d\"oh_item\"\u003e\u003cfield name\u003d\"itemName\"\u003eMyItem\u003c/field\u003e\u003c/shadow\u003e\u003cblock type\u003d\"oh_item\" id\u003d\".d)lXpvz1QcNy}DILwt2\"\u003e\u003cfield name\u003d\"itemName\"\u003eecovac_bot_status\u003c/field\u003e\u003c/block\u003e\u003c/value\u003e\u003cnext\u003e\u003cblock type\u003d\"oh_event\" id\u003d\"4[kwGtqX[RvsGlo;V.TY\"\u003e\u003cfield name\u003d\"eventType\"\u003epostUpdate\u003c/field\u003e\u003cvalue name\u003d\"value\"\u003e\u003cshadow type\u003d\"text\"\u003e\u003cfield name\u003d\"TEXT\"\u003echarging\u003c/field\u003e\u003c/shadow\u003e\u003cblock type\u003d\"math_number\" id\u003d\"lMg?%bTA7lUadevSLC4(\"\u003e\u003cfield name\u003d\"NUM\"\u003e66\u003c/field\u003e\u003c/block\u003e\u003c/value\u003e\u003cvalue name\u003d\"itemName\"\u003e\u003cshadow type\u003d\"oh_item\"\u003e\u003cfield name\u003d\"itemName\"\u003eMyItem\u003c/field\u003e\u003c/shadow\u003e\u003cblock type\u003d\"oh_item\" id\u003d\"YUaAU1z6!+htUDB+MYzI\"\u003e\u003cfield name\u003d\"itemName\"\u003eecovac_bot_status_scaled\u003c/field\u003e\u003c/block\u003e\u003c/value\u003e\u003c/block\u003e\u003c/next\u003e\u003c/block\u003e\u003c/next\u003e\u003c/block\u003e\u003c/next\u003e\u003c/block\u003e\u003c/next\u003e\u003c/block\u003e\u003c/statement\u003e\u003cnext\u003e\u003cblock type\u003d\"controls_if\" id\u003d\"X8rDX$3P[]Y:6hp(^JbS\"\u003e\u003cvalue name\u003d\"IF0\"\u003e\u003cblock type\u003d\"logic_compare\" id\u003d\"%EF(X_.:I38uhN|Sh*|1\"\u003e\u003cfield name\u003d\"OP\"\u003eEQ\u003c/field\u003e\u003cvalue name\u003d\"A\"\u003e\u003cblock type\u003d\"oh_getitem_state\" id\u003d\"5xqk9ahQScgU`g}!/e#Z\"\u003e\u003cvalue name\u003d\"itemName\"\u003e\u003cshadow type\u003d\"oh_item\"\u003e\u003cfield name\u003d\"itemName\"\u003eMyItem\u003c/field\u003e\u003c/shadow\u003e\u003cblock type\u003d\"oh_item\" id\u003d\"#0{2Y^[U+na|lXStM*!`\"\u003e\u003cfield name\u003d\"itemName\"\u003eEcobotDeebotMQTT_CleanState\u003c/field\u003e\u003c/block\u003e\u003c/value\u003e\u003c/block\u003e\u003c/value\u003e\u003cvalue name\u003d\"B\"\u003e\u003cblock type\u003d\"text\" id\u003d\"4uYZ6.B^L!65K8\u003dM6U9F\"\u003e\u003cfield name\u003d\"TEXT\"\u003eedge\u003c/field\u003e\u003c/block\u003e\u003c/value\u003e\u003c/block\u003e\u003c/value\u003e\u003cstatement name\u003d\"DO0\"\u003e\u003cblock type\u003d\"oh_log\" id\u003d\"I!g.mDE`1/R:};a5VOUs\"\u003e\u003cfield name\u003d\"severity\"\u003einfo\u003c/field\u003e\u003cvalue name\u003d\"message\"\u003e\u003cshadow type\u003d\"text\" id\u003d\"}Er`):F-7c[6WBOHNS3w\"\u003e\u003cfield name\u003d\"TEXT\"\u003e  clean state:edge, setting numeric to 40, bot state to spotcleaning 67\u003c/field\u003e\u003c/shadow\u003e\u003c/value\u003e\u003cnext\u003e\u003cblock type\u003d\"oh_event\" id\u003d\"pRD?IRJY(DA}/1(~{rKG\"\u003e\u003cfield name\u003d\"eventType\"\u003epostUpdate\u003c/field\u003e\u003cvalue name\u003d\"value\"\u003e\u003cshadow type\u003d\"text\"\u003e\u003cfield name\u003d\"TEXT\"\u003e\n              value\n            \u003c/field\u003e\u003c/shadow\u003e\u003cblock type\u003d\"math_number\" id\u003d\"UOTGEOQKE^.DkLCcIAYc\"\u003e\u003cfield name\u003d\"NUM\"\u003e40\u003c/field\u003e\u003c/block\u003e\u003c/value\u003e\u003cvalue name\u003d\"itemName\"\u003e\u003cshadow type\u003d\"oh_item\"\u003e\u003cfield name\u003d\"itemName\"\u003eMyItem\u003c/field\u003e\u003c/shadow\u003e\u003cblock type\u003d\"oh_item\" id\u003d\"H)(39w:X(;O.T@2K*d\u003d/\"\u003e\u003cfield name\u003d\"itemName\"\u003eecovac_clean_state\u003c/field\u003e\u003c/block\u003e\u003c/value\u003e\u003cnext\u003e\u003cblock type\u003d\"oh_event\" id\u003d\"8nR*(g3i{3D)::px\u003dWZv\"\u003e\u003cfield name\u003d\"eventType\"\u003epostUpdate\u003c/field\u003e\u003cvalue name\u003d\"value\"\u003e\u003cshadow type\u003d\"text\"\u003e\u003cfield name\u003d\"TEXT\"\u003echarging\u003c/field\u003e\u003c/shadow\u003e\u003cblock type\u003d\"math_number\" id\u003d\"x_Z})9u},CCX7ts5-NCq\"\u003e\u003cfield name\u003d\"NUM\"\u003e0\u003c/field\u003e\u003c/block\u003e\u003c/value\u003e\u003cvalue name\u003d\"itemName\"\u003e\u003cshadow type\u003d\"oh_item\"\u003e\u003cfield name\u003d\"itemName\"\u003eMyItem\u003c/field\u003e\u003c/shadow\u003e\u003cblock type\u003d\"oh_item\" id\u003d\"(N9Y.a.VdQ#qtdTp?1[3\"\u003e\u003cfield name\u003d\"itemName\"\u003eecovac_stuck_time\u003c/field\u003e\u003c/block\u003e\u003c/value\u003e\u003cnext\u003e\u003cblock type\u003d\"oh_event\" id\u003d\"ii,RBq?2_I)t8-#nhytC\"\u003e\u003cfield name\u003d\"eventType\"\u003epostUpdate\u003c/field\u003e\u003cvalue name\u003d\"value\"\u003e\u003cshadow type\u003d\"text\" id\u003d\"s7uC@dk5gw}@;8#_2t/z\"\u003e\u003cfield name\u003d\"TEXT\"\u003eedgecleaning\u003c/field\u003e\u003c/shadow\u003e\u003c/value\u003e\u003cvalue name\u003d\"itemName\"\u003e\u003cshadow type\u003d\"oh_item\"\u003e\u003cfield name\u003d\"itemName\"\u003eMyItem\u003c/field\u003e\u003c/shadow\u003e\u003cblock type\u003d\"oh_item\" id\u003d\"t:F%-z\u003d_y|](yOI#|Hs^\"\u003e\u003cfield name\u003d\"itemName\"\u003eecovac_bot_status\u003c/field\u003e\u003c/block\u003e\u003c/value\u003e\u003cnext\u003e\u003cblock type\u003d\"oh_event\" id\u003d\"8m{P.;wVx|z6_ojSUdKx\"\u003e\u003cfield name\u003d\"eventType\"\u003epostUpdate\u003c/field\u003e\u003cvalue name\u003d\"value\"\u003e\u003cshadow type\u003d\"text\"\u003e\u003cfield name\u003d\"TEXT\"\u003echarging\u003c/field\u003e\u003c/shadow\u003e\u003cblock type\u003d\"math_number\" id\u003d\"w7`i,)%*]*JUN{TxA{O|\"\u003e\u003cfield name\u003d\"NUM\"\u003e67\u003c/field\u003e\u003c/block\u003e\u003c/value\u003e\u003cvalue name\u003d\"itemName\"\u003e\u003cshadow type\u003d\"oh_item\"\u003e\u003cfield name\u003d\"itemName\"\u003eMyItem\u003c/field\u003e\u003c/shadow\u003e\u003cblock type\u003d\"oh_item\" id\u003d\"Qcs$q)3@1FfCv[K_VU~s\"\u003e\u003cfield name\u003d\"itemName\"\u003eecovac_bot_status_scaled\u003c/field\u003e\u003c/block\u003e\u003c/value\u003e\u003c/block\u003e\u003c/next\u003e\u003c/block\u003e\u003c/next\u003e\u003c/block\u003e\u003c/next\u003e\u003c/block\u003e\u003c/next\u003e\u003c/block\u003e\u003c/statement\u003e\u003cnext\u003e\u003cblock type\u003d\"controls_if\" id\u003d\"3T.8.*BV2Gu,Mbx1k0[J\"\u003e\u003cvalue name\u003d\"IF0\"\u003e\u003cblock type\u003d\"logic_compare\" id\u003d\"L,Jd}g\u003dkYgu.:L6si-+H\"\u003e\u003cfield name\u003d\"OP\"\u003eEQ\u003c/field\u003e\u003cvalue name\u003d\"A\"\u003e\u003cblock type\u003d\"oh_getitem_state\" id\u003d\"(nM@z@-Sihw:XwIXWj]d\"\u003e\u003cvalue name\u003d\"itemName\"\u003e\u003cshadow type\u003d\"oh_item\"\u003e\u003cfield name\u003d\"itemName\"\u003eMyItem\u003c/field\u003e\u003c/shadow\u003e\u003cblock type\u003d\"oh_item\" id\u003d\"Zq{~rUPXSpWFv4T:A2Ny\"\u003e\u003cfield name\u003d\"itemName\"\u003eEcobotDeebotMQTT_CleanState\u003c/field\u003e\u003c/block\u003e\u003c/value\u003e\u003c/block\u003e\u003c/value\u003e\u003cvalue name\u003d\"B\"\u003e\u003cblock type\u003d\"text\" id\u003d\"E?*\u003dH|@3xc,CJxt+ehgG\"\u003e\u003cfield name\u003d\"TEXT\"\u003estop\u003c/field\u003e\u003c/block\u003e\u003c/value\u003e\u003c/block\u003e\u003c/value\u003e\u003cstatement name\u003d\"DO0\"\u003e\u003cblock type\u003d\"oh_log\" id\u003d\"fLxdeZQy0i*~ii-eY/YX\"\u003e\u003cfield name\u003d\"severity\"\u003einfo\u003c/field\u003e\u003cvalue name\u003d\"message\"\u003e\u003cshadow type\u003d\"text\" id\u003d\"cIMgo.A^{GU.B$6X,KP/\"\u003e\u003cfield name\u003d\"TEXT\"\u003e  clean state:edge, setting numeric to 40, bot state to stopped 100\u003c/field\u003e\u003c/shadow\u003e\u003c/value\u003e\u003cnext\u003e\u003cblock type\u003d\"oh_log\" id\u003d\"|^K9r-sQTK|UN|x{?t]]\"\u003e\u003cfield name\u003d\"severity\"\u003ewarn\u003c/field\u003e\u003cvalue name\u003d\"message\"\u003e\u003cshadow type\u003d\"text\" id\u003d\"]cs@REOBNa6dTD7E#h)d\"\u003e\u003cfield name\u003d\"TEXT\"\u003e  Ecovac possibly stuck!\u003c/field\u003e\u003c/shadow\u003e\u003c/value\u003e\u003cnext\u003e\u003cblock type\u003d\"oh_event\" id\u003d\"R7/0T._YCx{|B%0xtl;`\"\u003e\u003cfield name\u003d\"eventType\"\u003epostUpdate\u003c/field\u003e\u003cvalue name\u003d\"value\"\u003e\u003cshadow type\u003d\"text\"\u003e\u003cfield name\u003d\"TEXT\"\u003e\n              value\n            \u003c/field\u003e\u003c/shadow\u003e\u003cblock type\u003d\"math_number\" id\u003d\"usiE#-F*j,7nh+B;aA$p\"\u003e\u003cfield name\u003d\"NUM\"\u003e20\u003c/field\u003e\u003c/block\u003e\u003c/value\u003e\u003cvalue name\u003d\"itemName\"\u003e\u003cshadow type\u003d\"oh_item\"\u003e\u003cfield name\u003d\"itemName\"\u003eMyItem\u003c/field\u003e\u003c/shadow\u003e\u003cblock type\u003d\"oh_item\" id\u003d\"JGIo/N61~jflV%?Au.ja\"\u003e\u003cfield name\u003d\"itemName\"\u003eecovac_clean_state\u003c/field\u003e\u003c/block\u003e\u003c/value\u003e\u003cnext\u003e\u003cblock type\u003d\"oh_event\" id\u003d\"BUv|b,K3_vO-Nu7;~Jh;\"\u003e\u003cfield name\u003d\"eventType\"\u003epostUpdate\u003c/field\u003e\u003cvalue name\u003d\"value\"\u003e\u003cshadow type\u003d\"text\" id\u003d\"YX9jBjo(q`-6;gjy/B)`\"\u003e\u003cfield name\u003d\"TEXT\"\u003estopped\u003c/field\u003e\u003c/shadow\u003e\u003c/value\u003e\u003cvalue name\u003d\"itemName\"\u003e\u003cshadow type\u003d\"oh_item\"\u003e\u003cfield name\u003d\"itemName\"\u003eMyItem\u003c/field\u003e\u003c/shadow\u003e\u003cblock type\u003d\"oh_item\" id\u003d\"RvLQ:9V9,,767][9Vs0E\"\u003e\u003cfield name\u003d\"itemName\"\u003eecovac_bot_status\u003c/field\u003e\u003c/block\u003e\u003c/value\u003e\u003cnext\u003e\u003cblock type\u003d\"oh_event\" id\u003d\"1F_g:rY{75_|Ld5!}Y?T\"\u003e\u003cfield name\u003d\"eventType\"\u003epostUpdate\u003c/field\u003e\u003cvalue name\u003d\"value\"\u003e\u003cshadow type\u003d\"text\"\u003e\u003cfield name\u003d\"TEXT\"\u003echarging\u003c/field\u003e\u003c/shadow\u003e\u003cblock type\u003d\"math_number\" id\u003d\"8uN[k/!5jXS08xl:@5ax\"\u003e\u003cfield name\u003d\"NUM\"\u003e100\u003c/field\u003e\u003c/block\u003e\u003c/value\u003e\u003cvalue name\u003d\"itemName\"\u003e\u003cshadow type\u003d\"oh_item\"\u003e\u003cfield name\u003d\"itemName\"\u003eMyItem\u003c/field\u003e\u003c/shadow\u003e\u003cblock type\u003d\"oh_item\" id\u003d\"`T3n**1z)7,@TQ3D)5te\"\u003e\u003cfield name\u003d\"itemName\"\u003eecovac_bot_status_scaled\u003c/field\u003e\u003c/block\u003e\u003c/value\u003e\u003cnext\u003e\u003cblock type\u003d\"oh_event\" id\u003d\"B|EU^w^Vp/c)_l@6EbeG\"\u003e\u003cfield name\u003d\"eventType\"\u003epostUpdate\u003c/field\u003e\u003cvalue name\u003d\"value\"\u003e\u003cshadow type\u003d\"text\"\u003e\u003cfield name\u003d\"TEXT\"\u003echarging\u003c/field\u003e\u003c/shadow\u003e\u003cblock type\u003d\"math_number\" id\u003d\"!Xv\u003d?9]7,gE7r_,$#T9~\"\u003e\u003cfield name\u003d\"NUM\"\u003e1\u003c/field\u003e\u003c/block\u003e\u003c/value\u003e\u003cvalue name\u003d\"itemName\"\u003e\u003cshadow type\u003d\"oh_item\"\u003e\u003cfield name\u003d\"itemName\"\u003eMyItem\u003c/field\u003e\u003c/shadow\u003e\u003cblock type\u003d\"oh_item\" id\u003d\"iSw%PQT;+/-$HuIp/I/h\"\u003e\u003cfield name\u003d\"itemName\"\u003eecovac_stuck_time\u003c/field\u003e\u003c/block\u003e\u003c/value\u003e\u003c/block\u003e\u003c/next\u003e\u003c/block\u003e\u003c/next\u003e\u003c/block\u003e\u003c/next\u003e\u003c/block\u003e\u003c/next\u003e\u003c/block\u003e\u003c/next\u003e\u003c/block\u003e\u003c/statement\u003e\u003c/block\u003e\u003c/next\u003e\u003c/block\u003e\u003c/next\u003e\u003c/block\u003e\u003c/next\u003e\u003c/block\u003e\u003c/next\u003e\u003c/block\u003e\u003c/next\u003e\u003c/block\u003e\u003c/next\u003e\u003c/block\u003e\u003c/statement\u003e\u003cnext\u003e\u003cblock type\u003d\"controls_if\" id\u003d\"!;dK3gPElfV+$wc9O5+!\"\u003e\u003cvalue name\u003d\"IF0\"\u003e\u003cblock type\u003d\"logic_compare\" id\u003d\"+kYT*2.lsWiJGH-zVzm;\"\u003e\u003cfield name\u003d\"OP\"\u003eEQ\u003c/field\u003e\u003cvalue name\u003d\"A\"\u003e\u003cblock type\u003d\"oh_getitem_state\" id\u003d\"edx:gx4TQIvNpH6!:4:E\"\u003e\u003cvalue name\u003d\"itemName\"\u003e\u003cshadow type\u003d\"oh_item\"\u003e\u003cfield name\u003d\"itemName\"\u003eMyItem\u003c/field\u003e\u003c/shadow\u003e\u003cblock type\u003d\"oh_item\" id\u003d\"^P%)DN!5+a#umI8}:aXU\"\u003e\u003cfield name\u003d\"itemName\"\u003eEcobotDeebotMQTT_ChargeState\u003c/field\u003e\u003c/block\u003e\u003c/value\u003e\u003c/block\u003e\u003c/value\u003e\u003cvalue name\u003d\"B\"\u003e\u003cblock type\u003d\"text\" id\u003d\"Wd~A1VF^(AJ+2QYKZF!:\"\u003e\u003cfield name\u003d\"TEXT\"\u003ereturning\u003c/field\u003e\u003c/block\u003e\u003c/value\u003e\u003c/block\u003e\u003c/value\u003e\u003cstatement name\u003d\"DO0\"\u003e\u003cblock type\u003d\"oh_log\" id\u003d\"wUor1GD}T-4rlaa5Xmj8\"\u003e\u003cfield name\u003d\"severity\"\u003einfo\u003c/field\u003e\u003cvalue name\u003d\"message\"\u003e\u003cshadow type\u003d\"text\" id\u003d\"CaIM01Hmet4X{E2kbUK\u003d\"\u003e\u003cfield name\u003d\"TEXT\"\u003e  charge state: returning setting numeric to 15\u003c/field\u003e\u003c/shadow\u003e\u003c/value\u003e\u003cnext\u003e\u003cblock type\u003d\"oh_event\" id\u003d\"|lAsfN0,cZ9?Ykwj.;A0\"\u003e\u003cfield name\u003d\"eventType\"\u003epostUpdate\u003c/field\u003e\u003cvalue name\u003d\"value\"\u003e\u003cshadow type\u003d\"text\"\u003e\u003cfield name\u003d\"TEXT\"\u003e\n              value\n            \u003c/field\u003e\u003c/shadow\u003e\u003cblock type\u003d\"math_number\" id\u003d\"XJp4W\u003dWmt)oeNE.7uxAP\"\u003e\u003cfield name\u003d\"NUM\"\u003e15\u003c/field\u003e\u003c/block\u003e\u003c/value\u003e\u003cvalue name\u003d\"itemName\"\u003e\u003cshadow type\u003d\"oh_item\"\u003e\u003cfield name\u003d\"itemName\"\u003eMyItem\u003c/field\u003e\u003c/shadow\u003e\u003cblock type\u003d\"oh_item\" id\u003d\"u93}1NK%Zt5|NyUc`$kt\"\u003e\u003cfield name\u003d\"itemName\"\u003eecovac_charge_state_scaled\u003c/field\u003e\u003c/block\u003e\u003c/value\u003e\u003cnext\u003e\u003cblock type\u003d\"oh_event\" id\u003d\"Yd[;#%fjo/Jw)5.[V]9U\"\u003e\u003cfield name\u003d\"eventType\"\u003epostUpdate\u003c/field\u003e\u003cvalue name\u003d\"value\"\u003e\u003cshadow type\u003d\"text\"\u003e\u003cfield name\u003d\"TEXT\"\u003echarging\u003c/field\u003e\u003c/shadow\u003e\u003cblock type\u003d\"math_number\" id\u003d\"Q(L@!VQp+ly`KU/a,@}5\"\u003e\u003cfield name\u003d\"NUM\"\u003e0\u003c/field\u003e\u003c/block\u003e\u003c/value\u003e\u003cvalue name\u003d\"itemName\"\u003e\u003cshadow type\u003d\"oh_item\"\u003e\u003cfield name\u003d\"itemName\"\u003eMyItem\u003c/field\u003e\u003c/shadow\u003e\u003cblock type\u003d\"oh_item\" id\u003d\"_hLNOaB+1(5x\u003ds*+t7MI\"\u003e\u003cfield name\u003d\"itemName\"\u003eecovac_stuck_time\u003c/field\u003e\u003c/block\u003e\u003c/value\u003e\u003cnext\u003e\u003cblock type\u003d\"controls_if\" id\u003d\"E7]IDgbe@1d?Ip9twL9N\"\u003e\u003cvalue name\u003d\"IF0\"\u003e\u003cblock type\u003d\"logic_compare\" id\u003d\"n?Mv.Y.4_/WPhwtG`us{\"\u003e\u003cfield name\u003d\"OP\"\u003eEQ\u003c/field\u003e\u003cvalue name\u003d\"A\"\u003e\u003cblock type\u003d\"oh_getitem_state\" id\u003d\"b]%N-~b~t~3sGNRv4#A{\"\u003e\u003cvalue name\u003d\"itemName\"\u003e\u003cshadow type\u003d\"oh_item\"\u003e\u003cfield name\u003d\"itemName\"\u003eMyItem\u003c/field\u003e\u003c/shadow\u003e\u003cblock type\u003d\"oh_item\" id\u003d\"K-C7kq#*F%r\u003d9PwFDG$s\"\u003e\u003cfield name\u003d\"itemName\"\u003eEcobotDeebotMQTT_CleanState\u003c/field\u003e\u003c/block\u003e\u003c/value\u003e\u003c/block\u003e\u003c/value\u003e\u003cvalue name\u003d\"B\"\u003e\u003cblock type\u003d\"text\" id\u003d\"+rn\u003d~+0i.T`!?-s2A7yw\"\u003e\u003cfield name\u003d\"TEXT\"\u003estop\u003c/field\u003e\u003c/block\u003e\u003c/value\u003e\u003c/block\u003e\u003c/value\u003e\u003cstatement name\u003d\"DO0\"\u003e\u003cblock type\u003d\"oh_log\" id\u003d\",\u003d862wGf0`JIH1Oc#9Ah\"\u003e\u003cfield name\u003d\"severity\"\u003einfo\u003c/field\u003e\u003cvalue name\u003d\"message\"\u003e\u003cshadow type\u003d\"text\" id\u003d\"6_`Zr0UQi_OOa{zJq(bh\"\u003e\u003cfield name\u003d\"TEXT\"\u003e  clean state:stop, setting numeric to 20, bot state to returning 15\u003c/field\u003e\u003c/shadow\u003e\u003c/value\u003e\u003cnext\u003e\u003cblock type\u003d\"oh_event\" id\u003d\"I$~wNcU-L!G}+Ozed,M.\"\u003e\u003cfield name\u003d\"eventType\"\u003epostUpdate\u003c/field\u003e\u003cvalue name\u003d\"value\"\u003e\u003cshadow type\u003d\"text\"\u003e\u003cfield name\u003d\"TEXT\"\u003e\n              value\n            \u003c/field\u003e\u003c/shadow\u003e\u003cblock type\u003d\"math_number\" id\u003d\"Z4G4J+Q`(!G4CyBTH{t+\"\u003e\u003cfield name\u003d\"NUM\"\u003e20\u003c/field\u003e\u003c/block\u003e\u003c/value\u003e\u003cvalue name\u003d\"itemName\"\u003e\u003cshadow type\u003d\"oh_item\"\u003e\u003cfield name\u003d\"itemName\"\u003eMyItem\u003c/field\u003e\u003c/shadow\u003e\u003cblock type\u003d\"oh_item\" id\u003d\"S`9S(hKnFgAYxkv-yzN.\"\u003e\u003cfield name\u003d\"itemName\"\u003eecovac_clean_state\u003c/field\u003e\u003c/block\u003e\u003c/value\u003e\u003cnext\u003e\u003cblock type\u003d\"oh_event\" id\u003d\"/lE]!3QWxRh;!1[(3}h,\"\u003e\u003cfield name\u003d\"eventType\"\u003epostUpdate\u003c/field\u003e\u003cvalue name\u003d\"value\"\u003e\u003cshadow type\u003d\"text\" id\u003d\"xBy,DVUL0V:P]\u003d:K7jz?\"\u003e\u003cfield name\u003d\"TEXT\"\u003ereturning\u003c/field\u003e\u003c/shadow\u003e\u003c/value\u003e\u003cvalue name\u003d\"itemName\"\u003e\u003cshadow type\u003d\"oh_item\"\u003e\u003cfield name\u003d\"itemName\"\u003eMyItem\u003c/field\u003e\u003c/shadow\u003e\u003cblock type\u003d\"oh_item\" id\u003d\"sYDSEVr3w/]E?I+tBqP}\"\u003e\u003cfield name\u003d\"itemName\"\u003eecovac_bot_status\u003c/field\u003e\u003c/block\u003e\u003c/value\u003e\u003cnext\u003e\u003cblock type\u003d\"oh_event\" id\u003d\"0FJ5}-({Cw0yv1^;:;DD\"\u003e\u003cfield name\u003d\"eventType\"\u003epostUpdate\u003c/field\u003e\u003cvalue name\u003d\"value\"\u003e\u003cshadow type\u003d\"text\"\u003e\u003cfield name\u003d\"TEXT\"\u003echarging\u003c/field\u003e\u003c/shadow\u003e\u003cblock type\u003d\"math_number\" id\u003d\"m!nL`+zSNYfk|YZ/ZFh,\"\u003e\u003cfield name\u003d\"NUM\"\u003e55\u003c/field\u003e\u003c/block\u003e\u003c/value\u003e\u003cvalue name\u003d\"itemName\"\u003e\u003cshadow type\u003d\"oh_item\"\u003e\u003cfield name\u003d\"itemName\"\u003eMyItem\u003c/field\u003e\u003c/shadow\u003e\u003cblock type\u003d\"oh_item\" id\u003d\"I8+N}tL6MzEO)U4I4;X\u003d\"\u003e\u003cfield name\u003d\"itemName\"\u003eecovac_bot_status_scaled\u003c/field\u003e\u003c/block\u003e\u003c/value\u003e\u003c/block\u003e\u003c/next\u003e\u003c/block\u003e\u003c/next\u003e\u003c/block\u003e\u003c/next\u003e\u003c/block\u003e\u003c/statement\u003e\u003cnext\u003e\u003cblock type\u003d\"controls_if\" id\u003d\"U%ALLCFl2c_k3#!rq[Xp\"\u003e\u003cvalue name\u003d\"IF0\"\u003e\u003cblock type\u003d\"logic_compare\" id\u003d\"HZKkVtBbYR2/l}OCdI1y\"\u003e\u003cfield name\u003d\"OP\"\u003eNEQ\u003c/field\u003e\u003cvalue name\u003d\"A\"\u003e\u003cblock type\u003d\"oh_getitem_state\" id\u003d\"*d8kf0S5^OLE{#FXNb[H\"\u003e\u003cvalue name\u003d\"itemName\"\u003e\u003cshadow type\u003d\"oh_item\"\u003e\u003cfield name\u003d\"itemName\"\u003eMyItem\u003c/field\u003e\u003c/shadow\u003e\u003cblock type\u003d\"oh_item\" id\u003d\"Aa-?Gyyf9e[/u^s{iry!\"\u003e\u003cfield name\u003d\"itemName\"\u003eEcobotDeebotMQTT_CleanState\u003c/field\u003e\u003c/block\u003e\u003c/value\u003e\u003c/block\u003e\u003c/value\u003e\u003cvalue name\u003d\"B\"\u003e\u003cblock type\u003d\"text\" id\u003d\"G\u003d_0xOQx,TdsI,MhHf.G\"\u003e\u003cfield name\u003d\"TEXT\"\u003estop\u003c/field\u003e\u003c/block\u003e\u003c/value\u003e\u003c/block\u003e\u003c/value\u003e\u003cstatement name\u003d\"DO0\"\u003e\u003cblock type\u003d\"oh_log\" id\u003d\"@kgAO!u1)t*9wie/IR#O\"\u003e\u003cfield name\u003d\"severity\"\u003eerror\u003c/field\u003e\u003cvalue name\u003d\"message\"\u003e\u003cshadow type\u003d\"text\" id\u003d\"1zZViQhMf{KSprWY0ERr\"\u003e\u003cfield name\u003d\"TEXT\"\u003e-*- ERROR: -*- Unexpected state: returning and not stopped -*-\u003c/field\u003e\u003c/shadow\u003e\u003c/value\u003e\u003c/block\u003e\u003c/statement\u003e\u003c/block\u003e\u003c/next\u003e\u003c/block\u003e\u003c/next\u003e\u003c/block\u003e\u003c/next\u003e\u003c/block\u003e\u003c/next\u003e\u003c/block\u003e\u003c/statement\u003e\u003cnext\u003e\u003cblock type\u003d\"oh_log\" id\u003d\"z!~I.]|mWS+p`ilG:%_8\"\u003e\u003cfield name\u003d\"severity\"\u003einfo\u003c/field\u003e\u003cvalue name\u003d\"message\"\u003e\u003cshadow type\u003d\"text\" id\u003d\"noTROQ^|Eb\u003dT@Eq*!Now\"\u003e\u003cfield name\u003d\"TEXT\"\u003e-*- Ecovac state change done  -*-\u003c/field\u003e\u003c/shadow\u003e\u003c/value\u003e\u003c/block\u003e\u003c/next\u003e\u003c/block\u003e\u003c/next\u003e\u003c/block\u003e\u003c/next\u003e\u003c/block\u003e\u003c/next\u003e\u003c/block\u003e\u003c/next\u003e\u003c/block\u003e\u003c/next\u003e\u003c/block\u003e\u003c/xml\u003e",
            "type": "application/javascript",
            "script": "var logger \u003d Java.type(\u0027org.slf4j.LoggerFactory\u0027).getLogger(\u0027org.openhab.rule.\u0027 + ctx.ruleUID);\n\n\nlogger.info(\u0027-*- Ecovac state changed -*-\u0027);\nlogger.info((\u0027  charge state:\u0027 + String(itemRegistry.getItem(\u0027EcobotDeebotMQTT_ChargeState\u0027).getState())));\nlogger.info((\u0027  clean state:\u0027 + String(itemRegistry.getItem(\u0027EcobotDeebotMQTT_CleanState\u0027).getState())));\nif (itemRegistry.getItem(\u0027EcobotDeebotMQTT_ChargeState\u0027).getState() \u003d\u003d \u0027charging\u0027) {\n  logger.info(\u0027  charge state: charging setting numeric to 5\u0027);\n  events.sendCommand(\u0027ecovac_charge_state_scaled\u0027, 5);\n  events.postUpdate(\u0027ecovac_stuck_time\u0027, 0);\n  if (itemRegistry.getItem(\u0027EcobotDeebotMQTT_CleanState\u0027).getState() \u003d\u003d \u0027stop\u0027) {\n    logger.info(\u0027  clean state:stop, setting numeric to 20, bot state to charging 50\u0027);\n    events.postUpdate(\u0027ecovac_clean_state\u0027, 20);\n    events.postUpdate(\u0027ecovac_bot_status\u0027, \u0027charging\u0027);\n    events.postUpdate(\u0027ecovac_bot_status_scaled\u0027, 50);\n  }\n  if (itemRegistry.getItem(\u0027EcobotDeebotMQTT_CleanState\u0027).getState() !\u003d \u0027stop\u0027) {\n    logger.error(\u0027-*- ERROR: -*- Unexpected state: charging and not stopped -*-\u0027);\n  }\n}\nif (itemRegistry.getItem(\u0027EcobotDeebotMQTT_ChargeState\u0027).getState() \u003d\u003d \u0027idle\u0027) {\n  logger.info(\u0027  charge state: idle setting numeric to 10\u0027);\n  events.sendCommand(\u0027ecovac_charge_state_scaled\u0027, 10);\n  if (itemRegistry.getItem(\u0027EcobotDeebotMQTT_CleanState\u0027).getState() \u003d\u003d \u0027auto\u0027) {\n    logger.info(\u0027  clean state:auto, setting numeric to 25, bot state to cleaning 60\u0027);\n    events.postUpdate(\u0027ecovac_clean_state\u0027, 25);\n    events.postUpdate(\u0027ecovac_stuck_time\u0027, 0);\n    events.postUpdate(\u0027ecovac_bot_status\u0027, \u0027cleaning\u0027);\n    events.postUpdate(\u0027ecovac_bot_status_scaled\u0027, 60);\n  }\n  if (itemRegistry.getItem(\u0027EcobotDeebotMQTT_CleanState\u0027).getState() \u003d\u003d \u0027spot\u0027) {\n    logger.info(\u0027  clean state:spot, setting numeric to 30, bot state to spotcleaning 65\u0027);\n    events.postUpdate(\u0027ecovac_clean_state\u0027, 30);\n    events.postUpdate(\u0027ecovac_stuck_time\u0027, 0);\n    events.postUpdate(\u0027ecovac_bot_status\u0027, \u0027spotcleaning\u0027);\n    events.postUpdate(\u0027ecovac_bot_status_scaled\u0027, 65);\n  }\n  if (itemRegistry.getItem(\u0027EcobotDeebotMQTT_CleanState\u0027).getState() \u003d\u003d \u0027singleRoom\u0027) {\n    logger.info(\u0027  clean state:singleroom, setting numeric to 35, bot state to spotcleaning 66\u0027);\n    events.postUpdate(\u0027ecovac_clean_state\u0027, 35);\n    events.postUpdate(\u0027ecovac_stuck_time\u0027, 0);\n    events.postUpdate(\u0027ecovac_bot_status\u0027, \u0027roomcleaning\u0027);\n    events.postUpdate(\u0027ecovac_bot_status_scaled\u0027, 66);\n  }\n  if (itemRegistry.getItem(\u0027EcobotDeebotMQTT_CleanState\u0027).getState() \u003d\u003d \u0027edge\u0027) {\n    logger.info(\u0027  clean state:edge, setting numeric to 40, bot state to spotcleaning 67\u0027);\n    events.postUpdate(\u0027ecovac_clean_state\u0027, 40);\n    events.postUpdate(\u0027ecovac_stuck_time\u0027, 0);\n    events.postUpdate(\u0027ecovac_bot_status\u0027, \u0027edgecleaning\u0027);\n    events.postUpdate(\u0027ecovac_bot_status_scaled\u0027, 67);\n  }\n  if (itemRegistry.getItem(\u0027EcobotDeebotMQTT_CleanState\u0027).getState() \u003d\u003d \u0027stop\u0027) {\n    logger.info(\u0027  clean state:edge, setting numeric to 40, bot state to stopped 100\u0027);\n    logger.warn(\u0027  Ecovac possibly stuck!\u0027);\n    events.postUpdate(\u0027ecovac_clean_state\u0027, 20);\n    events.postUpdate(\u0027ecovac_bot_status\u0027, \u0027stopped\u0027);\n    events.postUpdate(\u0027ecovac_bot_status_scaled\u0027, 100);\n    events.postUpdate(\u0027ecovac_stuck_time\u0027, 1);\n  }\n}\nif (itemRegistry.getItem(\u0027EcobotDeebotMQTT_ChargeState\u0027).getState() \u003d\u003d \u0027returning\u0027) {\n  logger.info(\u0027  charge state: returning setting numeric to 15\u0027);\n  events.postUpdate(\u0027ecovac_charge_state_scaled\u0027, 15);\n  events.postUpdate(\u0027ecovac_stuck_time\u0027, 0);\n  if (itemRegistry.getItem(\u0027EcobotDeebotMQTT_CleanState\u0027).getState() \u003d\u003d \u0027stop\u0027) {\n    logger.info(\u0027  clean state:stop, setting numeric to 20, bot state to returning 15\u0027);\n    events.postUpdate(\u0027ecovac_clean_state\u0027, 20);\n    events.postUpdate(\u0027ecovac_bot_status\u0027, \u0027returning\u0027);\n    events.postUpdate(\u0027ecovac_bot_status_scaled\u0027, 55);\n  }\n  if (itemRegistry.getItem(\u0027EcobotDeebotMQTT_CleanState\u0027).getState() !\u003d \u0027stop\u0027) {\n    logger.error(\u0027-*- ERROR: -*- Unexpected state: returning and not stopped -*-\u0027);\n  }\n}\nlogger.info(\u0027-*- Ecovac state change done  -*-\u0027);\n"
          },
          "type": "script.ScriptAction"
        }
      ],
      "configuration": {},
      "configDescriptions": [],
      "uid": "747819f1fe",
      "name": "ecovac_state_update",
      "tags": [],
      "visibility": "VISIBLE",
      "description": "Do calculations when the state updates"
    }
  },
  "859413e935": {
    "class": "org.openhab.core.automation.dto.RuleDTO",
    "value": {
      "triggers": [],
      "conditions": [],
      "actions": [
        {
          "inputs": {},
          "id": "script",
          "configuration": {
            "type": "application/javascript",
            "script": "var logger \u003d Java.type(\u0027org.slf4j.LoggerFactory\u0027).getLogger(\u0027org.openhab.rule.\u0027 + ctx.ruleUID);\n\n\nlogger.info((\u0027Outdoor temp:\u0027 + String( itemRegistry.getItem(\u0027Weather_Temperature\u0027).getState() as DecimalType )));\n"
          },
          "type": "script.ScriptAction"
        }
      ],
      "configuration": {},
      "configDescriptions": [],
      "uid": "859413e935",
      "name": "test_js",
      "tags": [
        "Script"
      ],
      "visibility": "VISIBLE",
      "description": ""
    }
  },
  "c9eba66542": {
    "class": "org.openhab.core.automation.dto.RuleDTO",
    "value": {
      "triggers": [
        {
          "id": "1",
          "configuration": {
            "itemName": "garage_door2_GarageDoorStatus"
          },
          "type": "core.ItemStateChangeTrigger"
        },
        {
          "id": "2",
          "configuration": {
            "itemName": "garage_door1_GarageDoorStatus"
          },
          "type": "core.ItemStateChangeTrigger"
        },
        {
          "id": "3",
          "configuration": {
            "itemName": "Garageoutdoorlight_Power"
          },
          "type": "core.ItemStateChangeTrigger"
        },
        {
          "id": "4",
          "configuration": {
            "itemName": "Garageoverhead_Power"
          },
          "type": "core.ItemStateChangeTrigger"
        }
      ],
      "conditions": [],
      "actions": [
        {
          "inputs": {},
          "id": "5",
          "configuration": {
            "blockSource": "\u003cxml xmlns\u003d\"https://developers.google.com/blockly/xml\"\u003e\u003cblock type\u003d\"oh_event\" id\u003d\"@t^qq+:SPJ.?9mc{E7MP\" x\u003d\"47\" y\u003d\"65\"\u003e\u003cfield name\u003d\"eventType\"\u003epostUpdate\u003c/field\u003e\u003cvalue name\u003d\"value\"\u003e\u003cshadow type\u003d\"text\" id\u003d\"!#\u003d;[@B[V{U0`goHzAv#\"\u003e\u003cfield name\u003d\"TEXT\"\u003e\n              value\n            \u003c/field\u003e\u003c/shadow\u003e\u003cblock type\u003d\"text_join\" id\u003d\"wc\u003dN-~*)N))1sVp1:HPe\"\u003e\u003cmutation items\u003d\"2\"\u003e\u003c/mutation\u003e\u003cvalue name\u003d\"ADD0\"\u003e\u003cblock type\u003d\"text_join\" id\u003d\"qLXFho(hb!/+HRKl0D.#\"\u003e\u003cmutation items\u003d\"2\"\u003e\u003c/mutation\u003e\u003cvalue name\u003d\"ADD0\"\u003e\u003cblock type\u003d\"text_join\" id\u003d\"wF!,,}4WBH(Hjip(Yp\u003d+\"\u003e\u003cmutation items\u003d\"2\"\u003e\u003c/mutation\u003e\u003cvalue name\u003d\"ADD0\"\u003e\u003cblock type\u003d\"oh_getitem_state\" id\u003d\"d{_#gX(Mz+7k}}4zxX_m\"\u003e\u003cvalue name\u003d\"itemName\"\u003e\u003cshadow type\u003d\"oh_item\" id\u003d\"oEUK6rUXPsfeO[pZ96L\u003d\"\u003e\u003cfield name\u003d\"itemName\"\u003egarage_door2_GarageDoorStatus\u003c/field\u003e\u003c/shadow\u003e\u003cblock type\u003d\"oh_item\" id\u003d\"U#}*:#l_godXawP.L%M\u003d\"\u003e\u003cfield name\u003d\"itemName\"\u003egarage_door1_GarageDoorStatus\u003c/field\u003e\u003c/block\u003e\u003c/value\u003e\u003c/block\u003e\u003c/value\u003e\u003cvalue name\u003d\"ADD1\"\u003e\u003cblock type\u003d\"text\" id\u003d\"5skLiS)ND?zTz1]dutE6\"\u003e\u003cfield name\u003d\"TEXT\"\u003e, \u003c/field\u003e\u003c/block\u003e\u003c/value\u003e\u003c/block\u003e\u003c/value\u003e\u003cvalue name\u003d\"ADD1\"\u003e\u003cblock type\u003d\"text_join\" id\u003d\"/3|f:^TmlFzZZhZ[$^FF\"\u003e\u003cmutation items\u003d\"2\"\u003e\u003c/mutation\u003e\u003cvalue name\u003d\"ADD0\"\u003e\u003cblock type\u003d\"oh_getitem_state\" id\u003d\"6AKmmr#5d\u003dz/)38#i]Ck\"\u003e\u003cvalue name\u003d\"itemName\"\u003e\u003cshadow type\u003d\"oh_item\"\u003e\u003cfield name\u003d\"itemName\"\u003egarage_door2_GarageDoorStatus\u003c/field\u003e\u003c/shadow\u003e\u003cblock type\u003d\"oh_item\" id\u003d\"4BKdP|{(%(diB/tfo:~C\"\u003e\u003cfield name\u003d\"itemName\"\u003egarage_door2_GarageDoorStatus\u003c/field\u003e\u003c/block\u003e\u003c/value\u003e\u003c/block\u003e\u003c/value\u003e\u003cvalue name\u003d\"ADD1\"\u003e\u003cblock type\u003d\"text\" id\u003d\")}7y;:6\u003d8:T!,eb_7NkX\"\u003e\u003cfield name\u003d\"TEXT\"\u003e, \u003c/field\u003e\u003c/block\u003e\u003c/value\u003e\u003c/block\u003e\u003c/value\u003e\u003c/block\u003e\u003c/value\u003e\u003cvalue name\u003d\"ADD1\"\u003e\u003cblock type\u003d\"text_join\" id\u003d\"ygt`c~AfC[b7d2(ppj8o\"\u003e\u003cmutation items\u003d\"2\"\u003e\u003c/mutation\u003e\u003cvalue name\u003d\"ADD0\"\u003e\u003cblock type\u003d\"text_join\" id\u003d\"TE;[qDphb5qpLSDJ`AJJ\"\u003e\u003cmutation items\u003d\"2\"\u003e\u003c/mutation\u003e\u003cvalue name\u003d\"ADD0\"\u003e\u003cblock type\u003d\"oh_getitem_state\" id\u003d\"6h}7Dw)/+eLl1OrJ2r/P\"\u003e\u003cvalue name\u003d\"itemName\"\u003e\u003cshadow type\u003d\"oh_item\"\u003e\u003cfield name\u003d\"itemName\"\u003egarage_door2_GarageDoorStatus\u003c/field\u003e\u003c/shadow\u003e\u003cblock type\u003d\"oh_item\" id\u003d\"bUrB5J|y`NT`l8-rv0N@\"\u003e\u003cfield name\u003d\"itemName\"\u003eGarageoutdoorlight_Power\u003c/field\u003e\u003c/block\u003e\u003c/value\u003e\u003c/block\u003e\u003c/value\u003e\u003cvalue name\u003d\"ADD1\"\u003e\u003cblock type\u003d\"text\" id\u003d\"HXekRksD2jD02?~rs~d8\"\u003e\u003cfield name\u003d\"TEXT\"\u003e, \u003c/field\u003e\u003c/block\u003e\u003c/value\u003e\u003c/block\u003e\u003c/value\u003e\u003cvalue name\u003d\"ADD1\"\u003e\u003cblock type\u003d\"text_join\" id\u003d\"sp^NPf$_CUG\u003d18?cEDpA\"\u003e\u003cmutation items\u003d\"2\"\u003e\u003c/mutation\u003e\u003cvalue name\u003d\"ADD0\"\u003e\u003cblock type\u003d\"oh_getitem_state\" id\u003d\"HX]A-*0^kWaA4`@G6V!U\"\u003e\u003cvalue name\u003d\"itemName\"\u003e\u003cshadow type\u003d\"oh_item\"\u003e\u003cfield name\u003d\"itemName\"\u003egarage_door2_GarageDoorStatus\u003c/field\u003e\u003c/shadow\u003e\u003cblock type\u003d\"oh_item\" id\u003d\"E@s:G;lnHrN-hnJz+EP?\"\u003e\u003cfield name\u003d\"itemName\"\u003eGarageoverhead_Power\u003c/field\u003e\u003c/block\u003e\u003c/value\u003e\u003c/block\u003e\u003c/value\u003e\u003c/block\u003e\u003c/value\u003e\u003c/block\u003e\u003c/value\u003e\u003c/block\u003e\u003c/value\u003e\u003cvalue name\u003d\"itemName\"\u003e\u003cshadow type\u003d\"oh_item\" id\u003d\"U2uMjCV+hm;aof$\u003d3!3F\"\u003e\u003cfield name\u003d\"itemName\"\u003egarage_summary\u003c/field\u003e\u003c/shadow\u003e\u003cblock type\u003d\"oh_item\" id\u003d\"+P-ILYv0~A6r|yn3]Idi\"\u003e\u003cfield name\u003d\"itemName\"\u003egarage_summary\u003c/field\u003e\u003c/block\u003e\u003c/value\u003e\u003c/block\u003e\u003c/xml\u003e",
            "type": "application/javascript",
            "script": "events.postUpdate(\u0027garage_summary\u0027, (String(String(String(itemRegistry.getItem(\u0027garage_door1_GarageDoorStatus\u0027).getState()) + \u0027, \u0027) + String(String(itemRegistry.getItem(\u0027garage_door2_GarageDoorStatus\u0027).getState()) + \u0027, \u0027)) + String(String(String(itemRegistry.getItem(\u0027Garageoutdoorlight_Power\u0027).getState()) + \u0027, \u0027) + String(String(itemRegistry.getItem(\u0027Garageoverhead_Power\u0027).getState()) + \u0027\u0027))));\n"
          },
          "type": "script.ScriptAction"
        }
      ],
      "configuration": {},
      "configDescriptions": [],
      "uid": "c9eba66542",
      "name": "garage summary",
      "tags": [],
      "visibility": "VISIBLE"
    }
  },
  "b01be23dc6": {
    "class": "org.openhab.core.automation.dto.RuleDTO",
    "value": {
      "triggers": [],
      "conditions": [],
      "actions": [
        {
          "inputs": {},
          "id": "script",
          "configuration": {
            "blockSource": "\u003cxml xmlns\u003d\"https://developers.google.com/blockly/xml\"\u003e\u003cblock type\u003d\"oh_log\" id\u003d\"yYzYz6x|m5WC1Lqq-Hks\" x\u003d\"91\" y\u003d\"44\"\u003e\u003cfield name\u003d\"severity\"\u003einfo\u003c/field\u003e\u003cvalue name\u003d\"message\"\u003e\u003cshadow type\u003d\"text\" id\u003d\"/_A6t|8n(3Cup`(pHfbz\"\u003e\u003cfield name\u003d\"TEXT\"\u003e\n              abc\n            \u003c/field\u003e\u003c/shadow\u003e\u003cblock type\u003d\"text\" id\u003d\"\u003dt:zh1q:MbD_wY+TMkz,\"\u003e\u003cfield name\u003d\"TEXT\"\u003eRunning to to bed script\u003c/field\u003e\u003c/block\u003e\u003c/value\u003e\u003cnext\u003e\u003cblock type\u003d\"oh_event\" id\u003d\"un~n+/}U,!q7l(Bjx)hs\"\u003e\u003cfield name\u003d\"eventType\"\u003esendCommand\u003c/field\u003e\u003cvalue name\u003d\"value\"\u003e\u003cshadow type\u003d\"text\" id\u003d\"Lv/e8k9R]q6nHD~M6#0V\"\u003e\u003cfield name\u003d\"TEXT\"\u003e\n              value\n            \u003c/field\u003e\u003c/shadow\u003e\u003cblock type\u003d\"text\" id\u003d\"z~agmLN%E]:cGt:OF#p,\"\u003e\u003cfield name\u003d\"TEXT\"\u003eDOWN\u003c/field\u003e\u003c/block\u003e\u003c/value\u003e\u003cvalue name\u003d\"itemName\"\u003e\u003cshadow type\u003d\"oh_item\" id\u003d\"dJ6?rj\u003dxnwzEt-Ve--(x\"\u003e\u003cfield name\u003d\"itemName\"\u003eMyItem\u003c/field\u003e\u003c/shadow\u003e\u003cblock type\u003d\"oh_item\" id\u003d\"rR]8#dSEh]Rm$?*j[G8$\"\u003e\u003cfield name\u003d\"itemName\"\u003egarage_door2_GarageDoorRollershutter\u003c/field\u003e\u003c/block\u003e\u003c/value\u003e\u003cnext\u003e\u003cblock type\u003d\"oh_event\" id\u003d\"+Z3^zpcs}cRQ~|G+*Y/v\"\u003e\u003cfield name\u003d\"eventType\"\u003esendCommand\u003c/field\u003e\u003cvalue name\u003d\"value\"\u003e\u003cshadow type\u003d\"text\"\u003e\u003cfield name\u003d\"TEXT\"\u003e\n              value\n            \u003c/field\u003e\u003c/shadow\u003e\u003cblock type\u003d\"text\" id\u003d\"2y~h,iZG`Fno/Gbz+l3)\"\u003e\u003cfield name\u003d\"TEXT\"\u003eOFF\u003c/field\u003e\u003c/block\u003e\u003c/value\u003e\u003cvalue name\u003d\"itemName\"\u003e\u003cshadow type\u003d\"oh_item\"\u003e\u003cfield name\u003d\"itemName\"\u003eMyItem\u003c/field\u003e\u003c/shadow\u003e\u003cblock type\u003d\"oh_item\" id\u003d\"Hy!V:^h+2uF,z-mumhU0\"\u003e\u003cfield name\u003d\"itemName\"\u003eGarageoutdoorlight_Power\u003c/field\u003e\u003c/block\u003e\u003c/value\u003e\u003cnext\u003e\u003cblock type\u003d\"oh_event\" id\u003d\"ma4a09?vRK69oMrQ?8Qw\"\u003e\u003cfield name\u003d\"eventType\"\u003esendCommand\u003c/field\u003e\u003cvalue name\u003d\"value\"\u003e\u003cshadow type\u003d\"text\"\u003e\u003cfield name\u003d\"TEXT\"\u003e\n              value\n            \u003c/field\u003e\u003c/shadow\u003e\u003cblock type\u003d\"text\" id\u003d\"0uMLAk%iGBC^wwJl}RN-\"\u003e\u003cfield name\u003d\"TEXT\"\u003eOFF\u003c/field\u003e\u003c/block\u003e\u003c/value\u003e\u003cvalue name\u003d\"itemName\"\u003e\u003cshadow type\u003d\"oh_item\"\u003e\u003cfield name\u003d\"itemName\"\u003eMyItem\u003c/field\u003e\u003c/shadow\u003e\u003cblock type\u003d\"oh_item\" id\u003d\"4tIa\u003d77KfP?_rP[ic+V@\"\u003e\u003cfield name\u003d\"itemName\"\u003eGarageoverhead_Power\u003c/field\u003e\u003c/block\u003e\u003c/value\u003e\u003cnext\u003e\u003cblock type\u003d\"oh_event\" id\u003d\"!gKL},rvKNetz}pE$*5a\"\u003e\u003cfield name\u003d\"eventType\"\u003esendCommand\u003c/field\u003e\u003cvalue name\u003d\"value\"\u003e\u003cshadow type\u003d\"text\"\u003e\u003cfield name\u003d\"TEXT\"\u003e\n              value\n            \u003c/field\u003e\u003c/shadow\u003e\u003cblock type\u003d\"text\" id\u003d\"s)bi1{kn].u*i/rDq6-I\"\u003e\u003cfield name\u003d\"TEXT\"\u003eOFF\u003c/field\u003e\u003c/block\u003e\u003c/value\u003e\u003cvalue name\u003d\"itemName\"\u003e\u003cshadow type\u003d\"oh_item\"\u003e\u003cfield name\u003d\"itemName\"\u003eMyItem\u003c/field\u003e\u003c/shadow\u003e\u003cblock type\u003d\"oh_item\" id\u003d\"dez5kL4h%7~O`BfQvoW[\"\u003e\u003cfield name\u003d\"itemName\"\u003eKitchenoverheadlight1_KitchenOverhead1onoff\u003c/field\u003e\u003c/block\u003e\u003c/value\u003e\u003cnext\u003e\u003cblock type\u003d\"oh_event\" id\u003d\"zX1b~u#UTu%;A[[AQr6R\"\u003e\u003cfield name\u003d\"eventType\"\u003esendCommand\u003c/field\u003e\u003cvalue name\u003d\"value\"\u003e\u003cshadow type\u003d\"text\"\u003e\u003cfield name\u003d\"TEXT\"\u003e\n              value\n            \u003c/field\u003e\u003c/shadow\u003e\u003cblock type\u003d\"text\" id\u003d\"9ikCC$dlZJJPV(dOzqvH\"\u003e\u003cfield name\u003d\"TEXT\"\u003eDOWN\u003c/field\u003e\u003c/block\u003e\u003c/value\u003e\u003cvalue name\u003d\"itemName\"\u003e\u003cshadow type\u003d\"oh_item\"\u003e\u003cfield name\u003d\"itemName\"\u003eMyItem\u003c/field\u003e\u003c/shadow\u003e\u003cblock type\u003d\"oh_item\" id\u003d\"J`:$_GQPjEgFpwkNrHDM\"\u003e\u003cfield name\u003d\"itemName\"\u003egarage_door1_GarageDoorRollershutter\u003c/field\u003e\u003c/block\u003e\u003c/value\u003e\u003cnext\u003e\u003cblock type\u003d\"oh_log\" id\u003d\"XwHZWljltX}tUUR/7Uj`\"\u003e\u003cfield name\u003d\"severity\"\u003einfo\u003c/field\u003e\u003cvalue name\u003d\"message\"\u003e\u003cshadow type\u003d\"text\"\u003e\u003cfield name\u003d\"TEXT\"\u003e\n              abc\n            \u003c/field\u003e\u003c/shadow\u003e\u003cblock type\u003d\"text\" id\u003d\"xz~bj.[1bt^D9DYB\u003dV-D\"\u003e\u003cfield name\u003d\"TEXT\"\u003eGo to bed script done.\u003c/field\u003e\u003c/block\u003e\u003c/value\u003e\u003c/block\u003e\u003c/next\u003e\u003c/block\u003e\u003c/next\u003e\u003c/block\u003e\u003c/next\u003e\u003c/block\u003e\u003c/next\u003e\u003c/block\u003e\u003c/next\u003e\u003c/block\u003e\u003c/next\u003e\u003c/block\u003e\u003c/xml\u003e",
            "type": "application/javascript",
            "script": "var logger \u003d Java.type(\u0027org.slf4j.LoggerFactory\u0027).getLogger(\u0027org.openhab.rule.\u0027 + ctx.ruleUID);\n\n\nlogger.info(\u0027Running to to bed script\u0027);\nevents.sendCommand(\u0027garage_door2_GarageDoorRollershutter\u0027, \u0027DOWN\u0027);\nevents.sendCommand(\u0027Garageoutdoorlight_Power\u0027, \u0027OFF\u0027);\nevents.sendCommand(\u0027Garageoverhead_Power\u0027, \u0027OFF\u0027);\nevents.sendCommand(\u0027Kitchenoverheadlight1_KitchenOverhead1onoff\u0027, \u0027OFF\u0027);\nevents.sendCommand(\u0027garage_door1_GarageDoorRollershutter\u0027, \u0027DOWN\u0027);\nlogger.info(\u0027Go to bed script done.\u0027);\n"
          },
          "type": "script.ScriptAction"
        }
      ],
      "configuration": {},
      "configDescriptions": [],
      "uid": "b01be23dc6",
      "name": "go_to_bed",
      "tags": [
        "Script"
      ],
      "visibility": "VISIBLE",
      "description": "Shut the house down and go to bed"
    }
  },
  "d022a2a8e0": {
    "class": "org.openhab.core.automation.dto.RuleDTO",
    "value": {
      "triggers": [
        {
          "id": "1",
          "configuration": {
            "cronExpression": "0 0/10 8 * * ? *"
          },
          "type": "timer.GenericCronTrigger"
        }
      ],
      "conditions": [],
      "actions": [
        {
          "inputs": {},
          "id": "3",
          "configuration": {
            "message": "Basement hall shut off"
          },
          "type": "notification.SendLogNotification"
        },
        {
          "inputs": {},
          "id": "2",
          "configuration": {
            "itemName": "Hall_Group_Toggle",
            "state": "OFF"
          },
          "type": "core.ItemStateUpdateAction"
        }
      ],
      "configuration": {},
      "configDescriptions": [],
      "uid": "d022a2a8e0",
      "name": "Shut off basement lights all the time",
      "tags": [],
      "visibility": "VISIBLE"
    }
  },
  "578c1f8279": {
    "class": "org.openhab.core.automation.dto.RuleDTO",
    "value": {
      "triggers": [
        {
          "id": "1",
          "configuration": {
            "itemName": "EcobotDeebotMQTT_BatteryState"
          },
          "type": "core.ItemStateChangeTrigger"
        }
      ],
      "conditions": [],
      "actions": [
        {
          "inputs": {},
          "id": "4",
          "configuration": {
            "ruleUIDs": [
              "510b7bba82"
            ]
          },
          "type": "core.RunRuleAction"
        }
      ],
      "configuration": {},
      "configDescriptions": [],
      "uid": "578c1f8279",
      "name": "ecovac_battery_tick",
      "tags": [],
      "visibility": "VISIBLE",
      "description": "Calculate charge discharge rates"
    }
  },
  "4d563fcd7e": {
    "class": "org.openhab.core.automation.dto.RuleDTO",
    "value": {
      "triggers": [
        {
          "id": "1",
          "configuration": {
            "cronExpression": "6 0/10 * * * ? *"
          },
          "type": "timer.GenericCronTrigger"
        }
      ],
      "conditions": [],
      "actions": [
        {
          "inputs": {},
          "id": "3",
          "configuration": {
            "ruleUIDs": [
              "510b7bba82"
            ]
          },
          "type": "core.RunRuleAction"
        }
      ],
      "configuration": {},
      "configDescriptions": [],
      "uid": "4d563fcd7e",
      "name": "ecovac_idle_chargerate",
      "tags": [],
      "visibility": "VISIBLE",
      "description": "Reset the ecovac charge rates to 0 "
    }
  }
}