{
  "openweathermap:air-pollution:beb9ef9457:local": {
    "class": "org.openhab.core.config.discovery.internal.DiscoveryResultImpl",
    "value": {
      "bridgeUID": {
        "segments": [
          "openweathermap",
          "weather-api",
          "beb9ef9457"
        ],
        "uid": "openweathermap:weather-api:beb9ef9457"
      },
      "thingUID": {
        "segments": [
          "openweathermap",
          "air-pollution",
          "beb9ef9457",
          "local"
        ],
        "uid": "openweathermap:air-pollution:beb9ef9457:local"
      },
      "thingTypeUID": {
        "segments": [
          "openweathermap",
          "air-pollution"
        ],
        "uid": ""
      },
      "properties": {
        "location": "42.61211649237612,-71.42131984233858"
      },
      "representationProperty": "location",
      "flag": "NEW",
      "label": "Local Air Pollution",
      "timestamp": 1629414964822,
      "timeToLive": -1
    }
  },
  "hue:0840:ecb5fa0d8680:32": {
    "class": "org.openhab.core.config.discovery.internal.DiscoveryResultImpl",
    "value": {
      "bridgeUID": {
        "segments": [
          "hue",
          "bridge",
          "ecb5fa0d8680"
        ],
        "uid": "hue:bridge:ecb5fa0d8680"
      },
      "thingUID": {
        "segments": [
          "hue",
          "0840",
          "ecb5fa0d8680",
          "32"
        ],
        "uid": "hue:0840:ecb5fa0d8680:32"
      },
      "thingTypeUID": {
        "segments": [
          "hue",
          "0840"
        ],
        "uid": ""
      },
      "properties": {
        "modelId": "HUELABSENUM",
        "uniqueId": "2:0:8e33-0fd4-4843-8cda",
        "sensorId": "32"
      },
      "representationProperty": "uniqueId",
      "flag": "IGNORED",
      "label": "cycling",
      "timestamp": 1629414967796,
      "timeToLive": -1
    }
  },
  "hue:0840:ecb5fa0d8680:30": {
    "class": "org.openhab.core.config.discovery.internal.DiscoveryResultImpl",
    "value": {
      "bridgeUID": {
        "segments": [
          "hue",
          "bridge",
          "ecb5fa0d8680"
        ],
        "uid": "hue:bridge:ecb5fa0d8680"
      },
      "thingUID": {
        "segments": [
          "hue",
          "0840",
          "ecb5fa0d8680",
          "30"
        ],
        "uid": "hue:0840:ecb5fa0d8680:30"
      },
      "thingTypeUID": {
        "segments": [
          "hue",
          "0840"
        ],
        "uid": ""
      },
      "properties": {
        "modelId": "HUELABSENUM",
        "uniqueId": "0:1:b1b0-06e9-4efc-9191",
        "sensorId": "30"
      },
      "representationProperty": "uniqueId",
      "flag": "IGNORED",
      "label": "cycleState",
      "timestamp": 1629414967794,
      "timeToLive": -1
    }
  },
  "mqtt:homie300:c4e86adad0:tate-thermo": {
    "class": "org.openhab.core.config.discovery.internal.DiscoveryResultImpl",
    "value": {
      "bridgeUID": {
        "segments": [
          "mqtt",
          "broker",
          "c4e86adad0"
        ],
        "uid": "mqtt:broker:c4e86adad0"
      },
      "thingUID": {
        "segments": [
          "mqtt",
          "homie300",
          "c4e86adad0",
          "tate-thermo"
        ],
        "uid": "mqtt:homie300:c4e86adad0:tate-thermo"
      },
      "thingTypeUID": {
        "segments": [
          "mqtt",
          "homie300"
        ],
        "uid": ""
      },
      "properties": {
        "deviceid": "tate-thermo",
        "basetopic": "homie"
      },
      "representationProperty": "deviceid",
      "flag": "IGNORED",
      "label": "tate-thermo",
      "timestamp": 1629414965220,
      "timeToLive": -1
    }
  },
  "mqtt:homie300:c4e86adad0:kitchen-thermo": {
    "class": "org.openhab.core.config.discovery.internal.DiscoveryResultImpl",
    "value": {
      "bridgeUID": {
        "segments": [
          "mqtt",
          "broker",
          "c4e86adad0"
        ],
        "uid": "mqtt:broker:c4e86adad0"
      },
      "thingUID": {
        "segments": [
          "mqtt",
          "homie300",
          "c4e86adad0",
          "kitchen-thermo"
        ],
        "uid": "mqtt:homie300:c4e86adad0:kitchen-thermo"
      },
      "thingTypeUID": {
        "segments": [
          "mqtt",
          "homie300"
        ],
        "uid": ""
      },
      "properties": {
        "deviceid": "kitchen-thermo",
        "basetopic": "homie"
      },
      "representationProperty": "deviceid",
      "flag": "IGNORED",
      "label": "kitchen-thermo",
      "timestamp": 1629612372362,
      "timeToLive": -1
    }
  },
  "hue:0840:ecb5fa0d8680:35": {
    "class": "org.openhab.core.config.discovery.internal.DiscoveryResultImpl",
    "value": {
      "bridgeUID": {
        "segments": [
          "hue",
          "bridge",
          "ecb5fa0d8680"
        ],
        "uid": "hue:bridge:ecb5fa0d8680"
      },
      "thingUID": {
        "segments": [
          "hue",
          "0840",
          "ecb5fa0d8680",
          "35"
        ],
        "uid": "hue:0840:ecb5fa0d8680:35"
      },
      "thingTypeUID": {
        "segments": [
          "hue",
          "0840"
        ],
        "uid": ""
      },
      "properties": {
        "modelId": "HUELABSENUM",
        "uniqueId": "0:1:70d8-fbad-4921-bf83",
        "sensorId": "35"
      },
      "representationProperty": "uniqueId",
      "flag": "IGNORED",
      "label": "cycleState",
      "timestamp": 1629414967797,
      "timeToLive": -1
    }
  },
  "hue:0840:ecb5fa0d8680:33": {
    "class": "org.openhab.core.config.discovery.internal.DiscoveryResultImpl",
    "value": {
      "bridgeUID": {
        "segments": [
          "hue",
          "bridge",
          "ecb5fa0d8680"
        ],
        "uid": "hue:bridge:ecb5fa0d8680"
      },
      "thingUID": {
        "segments": [
          "hue",
          "0840",
          "ecb5fa0d8680",
          "33"
        ],
        "uid": "hue:0840:ecb5fa0d8680:33"
      },
      "thingTypeUID": {
        "segments": [
          "hue",
          "0840"
        ],
        "uid": ""
      },
      "properties": {
        "modelId": "HUELABSENUM",
        "uniqueId": "0:1:9d29-49d2-4d4b-8405",
        "sensorId": "33"
      },
      "representationProperty": "uniqueId",
      "flag": "IGNORED",
      "label": "cycleState",
      "timestamp": 1629414967796,
      "timeToLive": -1
    }
  },
  "hue:0840:ecb5fa0d8680:34": {
    "class": "org.openhab.core.config.discovery.internal.DiscoveryResultImpl",
    "value": {
      "bridgeUID": {
        "segments": [
          "hue",
          "bridge",
          "ecb5fa0d8680"
        ],
        "uid": "hue:bridge:ecb5fa0d8680"
      },
      "thingUID": {
        "segments": [
          "hue",
          "0840",
          "ecb5fa0d8680",
          "34"
        ],
        "uid": "hue:0840:ecb5fa0d8680:34"
      },
      "thingTypeUID": {
        "segments": [
          "hue",
          "0840"
        ],
        "uid": ""
      },
      "properties": {
        "modelId": "HUELABSENUM",
        "uniqueId": "2:0:0143-f331-4193-983b",
        "sensorId": "34"
      },
      "representationProperty": "uniqueId",
      "flag": "IGNORED",
      "label": "cycling",
      "timestamp": 1629414967797,
      "timeToLive": -1
    }
  },
  "hue:0840:ecb5fa0d8680:43": {
    "class": "org.openhab.core.config.discovery.internal.DiscoveryResultImpl",
    "value": {
      "bridgeUID": {
        "segments": [
          "hue",
          "bridge",
          "ecb5fa0d8680"
        ],
        "uid": "hue:bridge:ecb5fa0d8680"
      },
      "thingUID": {
        "segments": [
          "hue",
          "0840",
          "ecb5fa0d8680",
          "43"
        ],
        "uid": "hue:0840:ecb5fa0d8680:43"
      },
      "thingTypeUID": {
        "segments": [
          "hue",
          "0840"
        ],
        "uid": ""
      },
      "properties": {
        "modelId": "HUELABSENUM",
        "uniqueId": "2:0:11f3-8294-4a66-be4b",
        "sensorId": "43"
      },
      "representationProperty": "uniqueId",
      "flag": "IGNORED",
      "label": "cycling",
      "timestamp": 1629414967799,
      "timeToLive": -1
    }
  },
  "openweathermap:onecall-history:beb9ef9457:local": {
    "class": "org.openhab.core.config.discovery.internal.DiscoveryResultImpl",
    "value": {
      "bridgeUID": {
        "segments": [
          "openweathermap",
          "weather-api",
          "beb9ef9457"
        ],
        "uid": "openweathermap:weather-api:beb9ef9457"
      },
      "thingUID": {
        "segments": [
          "openweathermap",
          "onecall-history",
          "beb9ef9457",
          "local"
        ],
        "uid": "openweathermap:onecall-history:beb9ef9457:local"
      },
      "thingTypeUID": {
        "segments": [
          "openweathermap",
          "onecall-history"
        ],
        "uid": ""
      },
      "properties": {
        "location": "42.61211649237612,-71.42131984233858"
      },
      "representationProperty": "location",
      "flag": "NEW",
      "label": "One Call API History Data",
      "timestamp": 1629414964824,
      "timeToLive": -1
    }
  },
  "hue:0840:ecb5fa0d8680:29": {
    "class": "org.openhab.core.config.discovery.internal.DiscoveryResultImpl",
    "value": {
      "bridgeUID": {
        "segments": [
          "hue",
          "bridge",
          "ecb5fa0d8680"
        ],
        "uid": "hue:bridge:ecb5fa0d8680"
      },
      "thingUID": {
        "segments": [
          "hue",
          "0840",
          "ecb5fa0d8680",
          "29"
        ],
        "uid": "hue:0840:ecb5fa0d8680:29"
      },
      "thingTypeUID": {
        "segments": [
          "hue",
          "0840"
        ],
        "uid": ""
      },
      "properties": {
        "modelId": "HUELABSENUM",
        "uniqueId": "2:0:e8bf-1505-4d51-ae2a",
        "sensorId": "29"
      },
      "representationProperty": "uniqueId",
      "flag": "IGNORED",
      "label": "cycling",
      "timestamp": 1629414967791,
      "timeToLive": -1
    }
  },
  "openweathermap:onecall:beb9ef9457:local": {
    "class": "org.openhab.core.config.discovery.internal.DiscoveryResultImpl",
    "value": {
      "bridgeUID": {
        "segments": [
          "openweathermap",
          "weather-api",
          "beb9ef9457"
        ],
        "uid": "openweathermap:weather-api:beb9ef9457"
      },
      "thingUID": {
        "segments": [
          "openweathermap",
          "onecall",
          "beb9ef9457",
          "local"
        ],
        "uid": "openweathermap:onecall:beb9ef9457:local"
      },
      "thingTypeUID": {
        "segments": [
          "openweathermap",
          "onecall"
        ],
        "uid": ""
      },
      "properties": {
        "location": "42.61211649237612,-71.42131984233858"
      },
      "representationProperty": "location",
      "flag": "NEW",
      "label": "One Call API Weather and Forecast",
      "timestamp": 1629414964823,
      "timeToLive": -1
    }
  },
  "hue:0840:ecb5fa0d8680:24": {
    "class": "org.openhab.core.config.discovery.internal.DiscoveryResultImpl",
    "value": {
      "bridgeUID": {
        "segments": [
          "hue",
          "bridge",
          "ecb5fa0d8680"
        ],
        "uid": "hue:bridge:ecb5fa0d8680"
      },
      "thingUID": {
        "segments": [
          "hue",
          "0840",
          "ecb5fa0d8680",
          "24"
        ],
        "uid": "hue:0840:ecb5fa0d8680:24"
      },
      "thingTypeUID": {
        "segments": [
          "hue",
          "0840"
        ],
        "uid": ""
      },
      "properties": {
        "modelId": "HUELABSENUM",
        "uniqueId": "2:0:0570-1086-45a7-b678",
        "sensorId": "24"
      },
      "representationProperty": "uniqueId",
      "flag": "IGNORED",
      "label": "cycling",
      "timestamp": 1629414967788,
      "timeToLive": -1
    }
  },
  "hue:0840:ecb5fa0d8680:46": {
    "class": "org.openhab.core.config.discovery.internal.DiscoveryResultImpl",
    "value": {
      "bridgeUID": {
        "segments": [
          "hue",
          "bridge",
          "ecb5fa0d8680"
        ],
        "uid": "hue:bridge:ecb5fa0d8680"
      },
      "thingUID": {
        "segments": [
          "hue",
          "0840",
          "ecb5fa0d8680",
          "46"
        ],
        "uid": "hue:0840:ecb5fa0d8680:46"
      },
      "thingTypeUID": {
        "segments": [
          "hue",
          "0840"
        ],
        "uid": ""
      },
      "properties": {
        "modelId": "HUELABSENUM",
        "uniqueId": "2:0:7214-057c-4c26-b14c",
        "sensorId": "46"
      },
      "representationProperty": "uniqueId",
      "flag": "IGNORED",
      "label": "cycling",
      "timestamp": 1629414967801,
      "timeToLive": -1
    }
  },
  "hue:0840:ecb5fa0d8680:68": {
    "class": "org.openhab.core.config.discovery.internal.DiscoveryResultImpl",
    "value": {
      "bridgeUID": {
        "segments": [
          "hue",
          "bridge",
          "ecb5fa0d8680"
        ],
        "uid": "hue:bridge:ecb5fa0d8680"
      },
      "thingUID": {
        "segments": [
          "hue",
          "0840",
          "ecb5fa0d8680",
          "68"
        ],
        "uid": "hue:0840:ecb5fa0d8680:68"
      },
      "thingTypeUID": {
        "segments": [
          "hue",
          "0840"
        ],
        "uid": ""
      },
      "properties": {
        "modelId": "HUELABSENUM",
        "uniqueId": "2:11:98d6-a7a8-483f-811e",
        "sensorId": "68"
      },
      "representationProperty": "uniqueId",
      "flag": "IGNORED",
      "label": "sceneCyclerCycling",
      "timestamp": 1629414967803,
      "timeToLive": -1
    }
  },
  "hue:0840:ecb5fa0d8680:25": {
    "class": "org.openhab.core.config.discovery.internal.DiscoveryResultImpl",
    "value": {
      "bridgeUID": {
        "segments": [
          "hue",
          "bridge",
          "ecb5fa0d8680"
        ],
        "uid": "hue:bridge:ecb5fa0d8680"
      },
      "thingUID": {
        "segments": [
          "hue",
          "0840",
          "ecb5fa0d8680",
          "25"
        ],
        "uid": "hue:0840:ecb5fa0d8680:25"
      },
      "thingTypeUID": {
        "segments": [
          "hue",
          "0840"
        ],
        "uid": ""
      },
      "properties": {
        "modelId": "HUELABSENUM",
        "uniqueId": "0:1:8dfd-b0ce-4c2d-854b",
        "sensorId": "25"
      },
      "representationProperty": "uniqueId",
      "flag": "IGNORED",
      "label": "cycleState",
      "timestamp": 1629414967789,
      "timeToLive": -1
    }
  },
  "hue:0840:ecb5fa0d8680:47": {
    "class": "org.openhab.core.config.discovery.internal.DiscoveryResultImpl",
    "value": {
      "bridgeUID": {
        "segments": [
          "hue",
          "bridge",
          "ecb5fa0d8680"
        ],
        "uid": "hue:bridge:ecb5fa0d8680"
      },
      "thingUID": {
        "segments": [
          "hue",
          "0840",
          "ecb5fa0d8680",
          "47"
        ],
        "uid": "hue:0840:ecb5fa0d8680:47"
      },
      "thingTypeUID": {
        "segments": [
          "hue",
          "0840"
        ],
        "uid": ""
      },
      "properties": {
        "modelId": "HUELABSENUM",
        "uniqueId": "0:1:1800-e4e0-4792-aac9",
        "sensorId": "47"
      },
      "representationProperty": "uniqueId",
      "flag": "IGNORED",
      "label": "cycleState",
      "timestamp": 1629414967801,
      "timeToLive": -1
    }
  },
  "hue:0840:ecb5fa0d8680:22": {
    "class": "org.openhab.core.config.discovery.internal.DiscoveryResultImpl",
    "value": {
      "bridgeUID": {
        "segments": [
          "hue",
          "bridge",
          "ecb5fa0d8680"
        ],
        "uid": "hue:bridge:ecb5fa0d8680"
      },
      "thingUID": {
        "segments": [
          "hue",
          "0840",
          "ecb5fa0d8680",
          "22"
        ],
        "uid": "hue:0840:ecb5fa0d8680:22"
      },
      "thingTypeUID": {
        "segments": [
          "hue",
          "0840"
        ],
        "uid": ""
      },
      "properties": {
        "modelId": "PHWA01",
        "uniqueId": "WA0001",
        "sensorId": "22"
      },
      "representationProperty": "uniqueId",
      "flag": "NEW",
      "label": "Dimmer Switch 2 SceneCycle",
      "timestamp": 1629414967786,
      "timeToLive": -1
    }
  },
  "hue:0840:ecb5fa0d8680:44": {
    "class": "org.openhab.core.config.discovery.internal.DiscoveryResultImpl",
    "value": {
      "bridgeUID": {
        "segments": [
          "hue",
          "bridge",
          "ecb5fa0d8680"
        ],
        "uid": "hue:bridge:ecb5fa0d8680"
      },
      "thingUID": {
        "segments": [
          "hue",
          "0840",
          "ecb5fa0d8680",
          "44"
        ],
        "uid": "hue:0840:ecb5fa0d8680:44"
      },
      "thingTypeUID": {
        "segments": [
          "hue",
          "0840"
        ],
        "uid": ""
      },
      "properties": {
        "modelId": "HUELABSENUM",
        "uniqueId": "0:1:6ae7-87e3-4180-94d8",
        "sensorId": "44"
      },
      "representationProperty": "uniqueId",
      "flag": "IGNORED",
      "label": "cycleState",
      "timestamp": 1629414967799,
      "timeToLive": -1
    }
  },
  "hue:0840:ecb5fa0d8680:67": {
    "class": "org.openhab.core.config.discovery.internal.DiscoveryResultImpl",
    "value": {
      "bridgeUID": {
        "segments": [
          "hue",
          "bridge",
          "ecb5fa0d8680"
        ],
        "uid": "hue:bridge:ecb5fa0d8680"
      },
      "thingUID": {
        "segments": [
          "hue",
          "0840",
          "ecb5fa0d8680",
          "67"
        ],
        "uid": "hue:0840:ecb5fa0d8680:67"
      },
      "thingTypeUID": {
        "segments": [
          "hue",
          "0840"
        ],
        "uid": ""
      },
      "properties": {
        "modelId": "HUELABSENUM",
        "uniqueId": "0:11:e7de-8a44-4084-b398",
        "sensorId": "67"
      },
      "representationProperty": "uniqueId",
      "flag": "IGNORED",
      "label": "sceneCyclerSlotState",
      "timestamp": 1629414967803,
      "timeToLive": -1
    }
  }
}