{
  "widget:UPSthing": {
    "class": "org.openhab.core.items.Metadata",
    "value": {
      "key": {
        "segments": [
          "widget",
          "UPSthing"
        ],
        "uid": "widget:UPSthing"
      },
      "value": " ",
      "configuration": {
        "item": "UPSthing_UPSStatus"
      }
    }
  },
  "listWidget:SonosOneSLBedroom": {
    "class": "org.openhab.core.items.Metadata",
    "value": {
      "key": {
        "segments": [
          "listWidget",
          "SonosOneSLBedroom"
        ],
        "uid": "listWidget:SonosOneSLBedroom"
      },
      "value": "oh-player-item",
      "configuration": {
        "icon": "f7:music_note",
        "title": "Bedroom sonos",
        "artistItem": "SonosOneSLBedroom_MediaArtist",
        "trackItem": "SonosOneSLBedroom_MediaTitle"
      }
    }
  },
  "widget:SonosOneSLBedroom": {
    "class": "org.openhab.core.items.Metadata",
    "value": {
      "key": {
        "segments": [
          "widget",
          "SonosOneSLBedroom"
        ],
        "uid": "widget:SonosOneSLBedroom"
      },
      "value": "oh-player-card",
      "configuration": {
        "item": "SonosOneSLBedroom_MediaTitle",
        "artistItem": "SonosOneSLBedroom_MediaArtist",
        "trackItem": "SonosOneSLBedroom_MediaTitle"
      }
    }
  },
  "listWidget:Garage": {
    "class": "org.openhab.core.items.Metadata",
    "value": {
      "key": {
        "segments": [
          "listWidget",
          "Garage"
        ],
        "uid": "listWidget:Garage"
      },
      "value": " ",
      "configuration": {
        "item": "garage_door2_GarageDoorStatus"
      }
    }
  },
  "ga:Kitchenoverheadlight1": {
    "class": "org.openhab.core.items.Metadata",
    "value": {
      "key": {
        "segments": [
          "ga",
          "Kitchenoverheadlight1"
        ],
        "uid": "ga:Kitchenoverheadlight1"
      },
      "value": "Switch",
      "configuration": {}
    }
  },
  "ga:Kitchenoverheadlight1_Kitchenoverhead1dimmer": {
    "class": "org.openhab.core.items.Metadata",
    "value": {
      "key": {
        "segments": [
          "ga",
          "Kitchenoverheadlight1_Kitchenoverhead1dimmer"
        ],
        "uid": "ga:Kitchenoverheadlight1_Kitchenoverhead1dimmer"
      },
      "value": "lightBrightness",
      "configuration": {}
    }
  },
  "listWidget:Kitchenoverheadlight1": {
    "class": "org.openhab.core.items.Metadata",
    "value": {
      "key": {
        "segments": [
          "listWidget",
          "Kitchenoverheadlight1"
        ],
        "uid": "listWidget:Kitchenoverheadlight1"
      },
      "value": "oh-toggle-item",
      "configuration": {
        "item": "Kitchenoverheadlight1_KitchenOverhead1onoff",
        "actionItem": "Kitchenoverheadlight1_KitchenOverhead1onoff",
        "icon": "oh:light",
        "action": "toggle",
        "title": "Kitchen overhead light 1",
        "iconUseState": true
      }
    }
  },
  "ga:Garageoutdoorlight_Power": {
    "class": "org.openhab.core.items.Metadata",
    "value": {
      "key": {
        "segments": [
          "ga",
          "Garageoutdoorlight_Power"
        ],
        "uid": "ga:Garageoutdoorlight_Power"
      },
      "value": "Light",
      "configuration": {}
    }
  },
  "cellWidget:UPSthing": {
    "class": "org.openhab.core.items.Metadata",
    "value": {
      "key": {
        "segments": [
          "cellWidget",
          "UPSthing"
        ],
        "uid": "cellWidget:UPSthing"
      },
      "value": " ",
      "configuration": {
        "item": "UPSthing_UPSStatus"
      }
    }
  },
  "widget:ff": {
    "class": "org.openhab.core.items.Metadata",
    "value": {
      "key": {
        "segments": [
          "widget",
          "ff"
        ],
        "uid": "widget:ff"
      },
      "value": " ",
      "configuration": {
        "item": "Temp_Kitchen_Thermo"
      }
    }
  },
  "widget:kitchen": {
    "class": "org.openhab.core.items.Metadata",
    "value": {
      "key": {
        "segments": [
          "widget",
          "kitchen"
        ],
        "uid": "widget:kitchen"
      },
      "value": " ",
      "configuration": {
        "item": "Temp_Kitchen_Thermo2"
      }
    }
  },
  "ga:Garageoverhead_Power": {
    "class": "org.openhab.core.items.Metadata",
    "value": {
      "key": {
        "segments": [
          "ga",
          "Garageoverhead_Power"
        ],
        "uid": "ga:Garageoverhead_Power"
      },
      "value": "Light",
      "configuration": {}
    }
  },
  "cellWidget:Basement": {
    "class": "org.openhab.core.items.Metadata",
    "value": {
      "key": {
        "segments": [
          "cellWidget",
          "Basement"
        ],
        "uid": "cellWidget:Basement"
      },
      "value": " ",
      "configuration": {
        "item": "BasementOfficeThermostat_temperature"
      }
    }
  },
  "ga:garage_door1_GarageDoorRollershutter": {
    "class": "org.openhab.core.items.Metadata",
    "value": {
      "key": {
        "segments": [
          "ga",
          "garage_door1_GarageDoorRollershutter"
        ],
        "uid": "ga:garage_door1_GarageDoorRollershutter"
      },
      "value": "Garage",
      "configuration": {
        "name": "Garage door 1"
      }
    }
  },
  "ga:Kitchenoverheadlight1_KitchenOverhead1onoff": {
    "class": "org.openhab.core.items.Metadata",
    "value": {
      "key": {
        "segments": [
          "ga",
          "Kitchenoverheadlight1_KitchenOverhead1onoff"
        ],
        "uid": "ga:Kitchenoverheadlight1_KitchenOverhead1onoff"
      },
      "value": "Switch",
      "configuration": {}
    }
  },
  "widget:BasementOfficeThermostat": {
    "class": "org.openhab.core.items.Metadata",
    "value": {
      "key": {
        "segments": [
          "widget",
          "BasementOfficeThermostat"
        ],
        "uid": "widget:BasementOfficeThermostat"
      },
      "value": " ",
      "configuration": {
        "item": "BasementOfficeThermostat_temperature"
      }
    }
  },
  "cellWidget:garage_door2": {
    "class": "org.openhab.core.items.Metadata",
    "value": {
      "key": {
        "segments": [
          "cellWidget",
          "garage_door2"
        ],
        "uid": "cellWidget:garage_door2"
      },
      "value": " ",
      "configuration": {
        "item": "garage_door2_GarageDoorStatus"
      }
    }
  },
  "widget:Basement": {
    "class": "org.openhab.core.items.Metadata",
    "value": {
      "key": {
        "segments": [
          "widget",
          "Basement"
        ],
        "uid": "widget:Basement"
      },
      "value": " ",
      "configuration": {
        "item": "BasementOfficeThermostat_temperature"
      }
    }
  },
  "widget:Garage": {
    "class": "org.openhab.core.items.Metadata",
    "value": {
      "key": {
        "segments": [
          "widget",
          "Garage"
        ],
        "uid": "widget:Garage"
      },
      "value": " ",
      "configuration": {
        "item": "garage_summary"
      }
    }
  },
  "cellWidget:Garage": {
    "class": "org.openhab.core.items.Metadata",
    "value": {
      "key": {
        "segments": [
          "cellWidget",
          "Garage"
        ],
        "uid": "cellWidget:Garage"
      },
      "value": " ",
      "configuration": {
        "item": "garage_door2_GarageDoorStatus"
      }
    }
  },
  "ga:garage_door2_GarageDoorRollershutter": {
    "class": "org.openhab.core.items.Metadata",
    "value": {
      "key": {
        "segments": [
          "ga",
          "garage_door2_GarageDoorRollershutter"
        ],
        "uid": "ga:garage_door2_GarageDoorRollershutter"
      },
      "value": "Garage",
      "configuration": {
        "name": "Garage door 2"
      }
    }
  },
  "widget:garage_door2": {
    "class": "org.openhab.core.items.Metadata",
    "value": {
      "key": {
        "segments": [
          "widget",
          "garage_door2"
        ],
        "uid": "widget:garage_door2"
      },
      "value": " ",
      "configuration": {
        "item": "garage_door2_GarageDoorStatus",
        "actionGroupPopupItem": "garage_door2"
      }
    }
  },
  "cellWidget:kitchen": {
    "class": "org.openhab.core.items.Metadata",
    "value": {
      "key": {
        "segments": [
          "cellWidget",
          "kitchen"
        ],
        "uid": "cellWidget:kitchen"
      },
      "value": " ",
      "configuration": {
        "item": "Temp_Kitchen_Thermo2"
      }
    }
  },
  "cellWidget:ff": {
    "class": "org.openhab.core.items.Metadata",
    "value": {
      "key": {
        "segments": [
          "cellWidget",
          "ff"
        ],
        "uid": "cellWidget:ff"
      },
      "value": " ",
      "configuration": {
        "item": "Temp_Kitchen_Thermo"
      }
    }
  },
  "listWidget:garage_door2": {
    "class": "org.openhab.core.items.Metadata",
    "value": {
      "key": {
        "segments": [
          "listWidget",
          "garage_door2"
        ],
        "uid": "listWidget:garage_door2"
      },
      "value": " ",
      "configuration": {
        "item": "Garagedoor2_GarageDoorStatus"
      }
    }
  },
  "cellWidget:masterBedroom": {
    "class": "org.openhab.core.items.Metadata",
    "value": {
      "key": {
        "segments": [
          "cellWidget",
          "masterBedroom"
        ],
        "uid": "cellWidget:masterBedroom"
      },
      "value": " ",
      "configuration": {
        "item": "Temp_MBR"
      }
    }
  }
}