{
  "jfstepha": {
    "class": "org.openhab.core.auth.ManagedUser",
    "value": {
      "name": "jfstepha",
      "passwordHash": "2iN+5wvMAc8Awnx5Ix27jSp4hp6k1ZT/Vx4151riLaa39ZyWr03mVW0EO7QQdzwyOr9K+RyuwtI80HgJ/mAb6w\u003d\u003d",
      "passwordSalt": "ma59qRbToac9r2HFALmS9vuk/hDknx2EfxXYxwD98DfgH2WpL/XbwY16JMcq2tjvPyv7ZdQRh/0Ws0Xw34C8GQ\u003d\u003d",
      "roles": [
        "administrator"
      ],
      "sessions": [
        {
          "sessionId": "b714470c-451d-4b9f-8fba-88dea037a3a9",
          "refreshToken": "e2368e2eeb8148f8bfd3daf3edfb2a09",
          "createdTime": "Aug 5, 2021, 10:01:58 AM",
          "lastRefreshTime": "Aug 11, 2021, 10:54:15 AM",
          "clientId": "http://oak-nab2.asuscomm.com:8080",
          "redirectUri": "http://oak-nab2.asuscomm.com:8080",
          "scope": "admin",
          "sessionCookie": true
        },
        {
          "sessionId": "02b2138c-5143-4c42-b53f-258d4b698099",
          "refreshToken": "cefa04f74ef940b99a54d5021828f025",
          "createdTime": "Aug 6, 2021, 10:33:38 PM",
          "lastRefreshTime": "Aug 9, 2021, 10:04:40 PM",
          "clientId": "http://oak-nab2.asuscomm.com:8080",
          "redirectUri": "http://oak-nab2.asuscomm.com:8080",
          "scope": "admin",
          "sessionCookie": true
        },
        {
          "sessionId": "edc968d5-7d12-40d9-bc0b-0be553a1f542",
          "refreshToken": "f88aa2b961354e33b36747a0ff3987f0",
          "createdTime": "Aug 9, 2021, 3:12:14 PM",
          "lastRefreshTime": "Aug 12, 2021, 11:17:31 AM",
          "clientId": "https://home.myopenhab.org",
          "redirectUri": "https://home.myopenhab.org",
          "scope": "admin",
          "sessionCookie": true
        },
        {
          "sessionId": "b6f0cecc-8e19-4225-b2bb-4dcfc09699b3",
          "refreshToken": "080541282f8e42869316b17a8c74b231",
          "createdTime": "Aug 10, 2021, 9:35:26 PM",
          "lastRefreshTime": "Aug 10, 2021, 11:35:42 PM",
          "clientId": "http://oak-nab2.asuscomm.com:8080",
          "redirectUri": "http://oak-nab2.asuscomm.com:8080",
          "scope": "admin",
          "sessionCookie": true
        },
        {
          "sessionId": "1e294b84-7000-4943-96d3-f9c38a6f3330",
          "refreshToken": "957591c430b64b54a88e5b154f6dc20d",
          "createdTime": "Aug 11, 2021, 5:08:01 PM",
          "lastRefreshTime": "Aug 22, 2021, 4:10:44 AM",
          "clientId": "http://basement-pc:8080",
          "redirectUri": "http://basement-pc:8080",
          "scope": "admin",
          "sessionCookie": true
        },
        {
          "sessionId": "8946d88a-1bfc-41c4-839c-ceba8ee1158f",
          "refreshToken": "d292adc8aedb4ee88b19c5e2e94ba419",
          "createdTime": "Aug 11, 2021, 10:03:09 PM",
          "lastRefreshTime": "Aug 11, 2021, 10:03:09 PM",
          "clientId": "http://basement-pc:8080",
          "redirectUri": "http://basement-pc:8080",
          "scope": "admin",
          "sessionCookie": true
        },
        {
          "sessionId": "b2dad388-c5a5-40da-acc7-ea7f1295e273",
          "refreshToken": "5788746a44534c1bb62dcc42f846a38d",
          "createdTime": "Aug 12, 2021, 11:36:33 AM",
          "lastRefreshTime": "Aug 13, 2021, 7:07:02 AM",
          "clientId": "https://home.myopenhab.org",
          "redirectUri": "https://home.myopenhab.org",
          "scope": "admin",
          "sessionCookie": true
        },
        {
          "sessionId": "48a0cf6c-2907-4efd-ac97-e2d810a93651",
          "refreshToken": "03d533cd7499446eb8d246e775452cb2",
          "createdTime": "Aug 13, 2021, 9:17:17 AM",
          "lastRefreshTime": "Aug 13, 2021, 11:56:46 PM",
          "clientId": "https://home.myopenhab.org",
          "redirectUri": "https://home.myopenhab.org",
          "scope": "admin",
          "sessionCookie": true
        },
        {
          "sessionId": "d52cd081-3907-4b7a-8643-8ffab6c05320",
          "refreshToken": "24a62d7997e145d0a283998107289d02",
          "createdTime": "Aug 16, 2021, 8:42:57 AM",
          "lastRefreshTime": "Aug 16, 2021, 8:42:57 AM",
          "clientId": "https://home.myopenhab.org",
          "redirectUri": "https://home.myopenhab.org",
          "scope": "admin",
          "sessionCookie": true
        },
        {
          "sessionId": "bb4e654c-f833-4012-945f-99b165181a72",
          "refreshToken": "0ecd8bcb6ee74ca38d1a4b5c82d64c8e",
          "createdTime": "Aug 16, 2021, 8:46:55 AM",
          "lastRefreshTime": "Aug 16, 2021, 9:02:20 AM",
          "clientId": "https://home.myopenhab.org",
          "redirectUri": "https://home.myopenhab.org",
          "scope": "admin",
          "sessionCookie": true
        },
        {
          "sessionId": "78f006ff-b26c-41cf-936e-dab1ee0925bc",
          "refreshToken": "06807c86b95347a292d8b2bcb26a47e3",
          "createdTime": "Aug 16, 2021, 11:03:36 AM",
          "lastRefreshTime": "Aug 16, 2021, 11:03:36 AM",
          "clientId": "https://home.myopenhab.org",
          "redirectUri": "https://home.myopenhab.org",
          "scope": "admin",
          "sessionCookie": true
        },
        {
          "sessionId": "13c3f82f-493c-45e1-a00a-a0abc57e5288",
          "refreshToken": "69f92836bc894790a31e210c1a39c1a3",
          "createdTime": "Aug 16, 2021, 11:19:44 AM",
          "lastRefreshTime": "Aug 16, 2021, 12:41:16 PM",
          "clientId": "https://home.myopenhab.org",
          "redirectUri": "https://home.myopenhab.org",
          "scope": "admin",
          "sessionCookie": true
        },
        {
          "sessionId": "53ee4326-86c4-432b-92e1-75ede04efb7a",
          "refreshToken": "ecfbdba47e15470295723ae0fa7cda2c",
          "createdTime": "Aug 16, 2021, 12:51:33 PM",
          "lastRefreshTime": "Aug 16, 2021, 8:58:37 PM",
          "clientId": "https://home.myopenhab.org",
          "redirectUri": "https://home.myopenhab.org",
          "scope": "admin",
          "sessionCookie": true
        },
        {
          "sessionId": "18e4f7b2-94f9-4ea7-a826-e5ff84eb9d2f",
          "refreshToken": "f092956a38b344d18a0a4862ad5497fc",
          "createdTime": "Aug 17, 2021, 7:05:06 AM",
          "lastRefreshTime": "Aug 17, 2021, 9:10:37 AM",
          "clientId": "https://home.myopenhab.org",
          "redirectUri": "https://home.myopenhab.org",
          "scope": "admin",
          "sessionCookie": true
        },
        {
          "sessionId": "f8fcc07a-4119-40e0-9ccf-74bd87e3a194",
          "refreshToken": "98f49346179d4f70bbe5ca1ec8e26ebb",
          "createdTime": "Aug 17, 2021, 2:29:41 PM",
          "lastRefreshTime": "Aug 18, 2021, 9:36:49 AM",
          "clientId": "https://home.myopenhab.org",
          "redirectUri": "https://home.myopenhab.org",
          "scope": "admin",
          "sessionCookie": true
        },
        {
          "sessionId": "f4f86abf-80a3-42ef-bd88-a8d177aabd37",
          "refreshToken": "0a0455532513469f8eafeae9cc35a9bd",
          "createdTime": "Aug 18, 2021, 1:53:17 PM",
          "lastRefreshTime": "Aug 19, 2021, 6:31:09 PM",
          "clientId": "https://home.myopenhab.org",
          "redirectUri": "https://home.myopenhab.org",
          "scope": "admin",
          "sessionCookie": true
        },
        {
          "sessionId": "64b0d228-3cc3-4b92-afe9-cf2fa03916f3",
          "refreshToken": "433427be8d2747e8aeb68b49733751c8",
          "createdTime": "Aug 20, 2021, 9:33:23 AM",
          "lastRefreshTime": "Aug 21, 2021, 9:58:39 PM",
          "clientId": "https://home.myopenhab.org",
          "redirectUri": "https://home.myopenhab.org",
          "scope": "admin",
          "sessionCookie": true
        }
      ],
      "apiTokens": []
    }
  },
  "rbfred": {
    "class": "org.openhab.core.auth.ManagedUser",
    "value": {
      "name": "rbfred",
      "passwordHash": "CX/asItoZL//eaZ2DM/VcZWEd/oizq9Mim2+jjUpNris8zL3dBjGCFffv66mXW1wu3il8DztTJYJ666lAGAGvg\u003d\u003d",
      "passwordSalt": "9A9CpYg5WIut79fqvjM+t9JhgCFSjFAC/IfgbTOwzbGmDlCtF6RfBqe9NwvMDWTZR4xFEZUnqn/DFh8fp0EyjA\u003d\u003d",
      "roles": [
        "user"
      ],
      "sessions": [],
      "apiTokens": []
    }
  }
}