{
  "overview": {
    "class": "org.openhab.core.ui.components.RootUIComponent",
    "value": {
      "uid": "overview",
      "timestamp": "Aug 19, 2021, 5:51:35 PM",
      "component": "oh-layout-page",
      "config": {
        "label": "Overview",
        "layoutType": "responsive"
      },
      "slots": {
        "default": [],
        "masonry": [
          {
            "component": "oh-masonry",
            "slots": {
              "default": [
                {
                  "component": "oh-list-card",
                  "config": {},
                  "slots": {
                    "default": [
                      {
                        "component": "oh-list-item",
                        "config": {
                          "title": "Scripts"
                        }
                      },
                      {
                        "component": "oh-list-item",
                        "config": {
                          "title": "Go to bed",
                          "action": "rule",
                          "listButton": true,
                          "actionOptions": "one,two,three"
                        }
                      }
                    ]
                  }
                },
                {
                  "component": "oh-toggle-card",
                  "config": {
                    "item": "wholehouse",
                    "title": "All lights"
                  }
                },
                {
                  "component": "oh-list-card",
                  "config": {},
                  "slots": {
                    "default": [
                      {
                        "component": "oh-list-item",
                        "config": {
                          "title": "Lights",
                          "listButton": true,
                          "badgeColor": "lightgrey"
                        }
                      },
                      {
                        "component": "oh-toggle-item",
                        "config": {
                          "item": "LivingroomRoom_Power",
                          "title": "Living Room",
                          "icon": "oh:light",
                          "iconUseState": true
                        }
                      },
                      {
                        "component": "oh-label-item",
                        "config": {
                          "action": "options",
                          "actionItem": "LivingroomRoom_Scene",
                          "item": "LivingroomRoom_Scene",
                          "fallbackIconToInitial": true,
                          "title": "Living room scene",
                          "icon": "oh:colorpicker"
                        }
                      },
                      {
                        "component": "oh-toggle-item",
                        "config": {
                          "item": "downstairshallRoom_Power",
                          "title": "Hall",
                          "icon": "oh:light",
                          "iconUseState": true
                        }
                      },
                      {
                        "component": "oh-toggle-item",
                        "config": {
                          "item": "BasmentRoom_Power",
                          "title": "Basement room",
                          "icon": "oh:light",
                          "iconUseState": true
                        }
                      },
                      {
                        "component": "oh-toggle-item",
                        "config": {
                          "item": "PaigesspaceRoom_Power",
                          "title": "Paige space",
                          "icon": "oh:light",
                          "iconUseState": true
                        }
                      },
                      {
                        "component": "oh-toggle-item",
                        "config": {
                          "item": "MasterbedroomRoom_Power",
                          "title": "Master Bedroom Lamp",
                          "icon": "oh:light",
                          "iconUseState": true
                        }
                      },
                      {
                        "component": "oh-toggle-item",
                        "config": {
                          "item": "TatesroomRoom_Power",
                          "title": "Tate\u0027s room",
                          "icon": "oh:light",
                          "iconUseState": true
                        }
                      },
                      {
                        "component": "oh-toggle-item",
                        "config": {
                          "item": "Kitchenoverheadlight1_KitchenOverhead1onoff",
                          "title": "Kitchen Overhead1 onoff",
                          "fallbackIconToInitial": true,
                          "icon": "oh:light",
                          "iconUseState": true
                        }
                      },
                      {
                        "component": "oh-toggle-item",
                        "config": {
                          "item": "Garageoutdoorlight_Power",
                          "title": "Garage outdoor",
                          "icon": "oh:light",
                          "iconUseState": true
                        }
                      },
                      {
                        "component": "oh-toggle-item",
                        "config": {
                          "item": "Garageoverhead_Power",
                          "title": "Garage lights",
                          "icon": "oh:light",
                          "iconUseState": true
                        }
                      }
                    ]
                  }
                },
                {
                  "component": "oh-list-card",
                  "config": {},
                  "slots": {
                    "default": [
                      {
                        "component": "oh-list-item",
                        "config": {
                          "title": "Weather"
                        }
                      },
                      {
                        "component": "oh-label-item",
                        "config": {
                          "item": "Weather_Temperature",
                          "title": "Temperature",
                          "icon": "oh:temperature",
                          "iconUseState": true
                        }
                      },
                      {
                        "component": "oh-label-item",
                        "config": {
                          "title": "Humidity",
                          "item": "Weather_Humidity",
                          "icon": "oh:humidity",
                          "iconUseState": true
                        }
                      },
                      {
                        "component": "oh-label-item",
                        "config": {
                          "item": "Weather_Condition",
                          "title": "Currently",
                          "icon": "oh:sun_clouds",
                          "iconUseState": true
                        }
                      },
                      {
                        "component": "oh-list-item",
                        "config": {
                          "title": "Tomorrow"
                        }
                      },
                      {
                        "component": "oh-label-item",
                        "config": {
                          "title": "Min temp",
                          "item": "Weather_Tomorrow_Min",
                          "icon": "oh:temperature"
                        }
                      },
                      {
                        "component": "oh-label-item",
                        "config": {
                          "title": "Max temp",
                          "item": "Weather_Tomorrow_Max",
                          "icon": "oh:temperature"
                        }
                      },
                      {
                        "component": "oh-label-item",
                        "config": {
                          "title": "Forcast",
                          "icon": "oh:sun_clouds",
                          "iconUseState": true,
                          "item": "Weather_Tomorrow_Condition"
                        }
                      }
                    ]
                  }
                },
                {
                  "component": "oh-list-card",
                  "config": {},
                  "slots": {
                    "default": [
                      {
                        "component": "oh-list-item",
                        "config": {
                          "title": "Temperatures",
                          "icon": "oh:temperature",
                          "action": "navigate",
                          "actionPage": "page:Temperatures"
                        }
                      },
                      {
                        "component": "oh-label-item",
                        "config": {
                          "item": "honeywellthermostat_Temperature",
                          "title": "Thermostat temp"
                        }
                      },
                      {
                        "component": "oh-label-item",
                        "config": {
                          "item": "Temp_Kitchen_Thermo2",
                          "title": "Kitchen"
                        }
                      },
                      {
                        "component": "oh-label-item",
                        "config": {
                          "item": "Temp_Lexi_BR",
                          "title": "Lexi\u0027s room"
                        }
                      },
                      {
                        "component": "oh-label-item",
                        "config": {
                          "item": "Temp_Tate_BR",
                          "title": "Tate\u0027s room"
                        }
                      },
                      {
                        "component": "oh-label-item",
                        "config": {
                          "item": "Temp_MBR",
                          "title": "Master bedroom"
                        }
                      },
                      {
                        "component": "oh-label-item",
                        "config": {
                          "item": "Temp_Basement_Office",
                          "title": "Basement office"
                        }
                      }
                    ]
                  }
                },
                {
                  "component": "oh-list-card",
                  "config": {},
                  "slots": {
                    "default": [
                      {
                        "component": "oh-label-item",
                        "config": {
                          "action": "group",
                          "actionGroupPopupItem": "EcobotDeebotMQTT",
                          "item": "ecovac_bot_status",
                          "title": "Ecobot Vac",
                          "icon": "materia:cleaning_services",
                          "iconUseState": true
                        }
                      },
                      {
                        "component": "oh-label-item",
                        "config": {
                          "item": "EcobotDeebotMQTT_ChargeState",
                          "title": "Charge state"
                        }
                      },
                      {
                        "component": "oh-label-item",
                        "config": {
                          "item": "EcobotDeebotMQTT_CleanState",
                          "title": "Clean state"
                        }
                      },
                      {
                        "component": "oh-slider-item",
                        "config": {
                          "item": "EcobotDeebotMQTT_BatteryState",
                          "scale": true,
                          "title": "Battery"
                        }
                      },
                      {
                        "component": "oh-label-item",
                        "config": {
                          "item": "ecovac_bot_status",
                          "title": "Start cleaning",
                          "subtitle": "State",
                          "action": "command",
                          "actionItem": "EcobotDeebotMQTT_StartCleaning",
                          "actionCommand": "on"
                        }
                      },
                      {
                        "component": "oh-list-item",
                        "config": {
                          "action": "navigate",
                          "actionPage": "page:page_c79b31b854",
                          "title": "Ecovac chart"
                        }
                      }
                    ]
                  }
                },
                {
                  "component": "oh-list-card",
                  "config": {},
                  "slots": {
                    "default": [
                      {
                        "component": "oh-list-item",
                        "config": {
                          "title": "Thermostat stuff"
                        }
                      },
                      {
                        "component": "oh-label-item",
                        "config": {
                          "item": "Temp_Kitchen_Thermo",
                          "title": "Thermostat temp"
                        }
                      },
                      {
                        "component": "oh-label-item",
                        "config": {
                          "item": "TempSet",
                          "title": "Cool setpoint"
                        }
                      },
                      {
                        "component": "oh-label-item",
                        "config": {
                          "item": "Equip_Status",
                          "title": "Equipment output"
                        }
                      },
                      {
                        "component": "oh-label-item",
                        "config": {
                          "item": "Cool_Day_Avg_Duty_Cycle",
                          "title": "Duty cycle so far today"
                        }
                      }
                    ]
                  }
                },
                {
                  "component": "oh-label-card",
                  "config": {
                    "action": "group",
                    "actionGroupPopupItem": "in",
                    "item": "honeywellthermostat_Temperature",
                    "title": "House"
                  }
                },
                {
                  "component": "oh-label-card",
                  "config": {
                    "action": "group",
                    "actionGroupPopupItem": "Garage",
                    "item": "garage_summary",
                    "title": "Garage"
                  }
                },
                {
                  "component": "oh-list-card",
                  "config": {},
                  "slots": {
                    "default": [
                      {
                        "component": "oh-list-item",
                        "config": {
                          "title": "Litter robot",
                          "action": "group",
                          "actionGroupPopupItem": "LitterRobot"
                        }
                      },
                      {
                        "component": "oh-slider-item",
                        "config": {
                          "title": "Drawer",
                          "item": "LitterRobot_WasteDrawerLevel"
                        }
                      },
                      {
                        "component": "oh-label-item",
                        "config": {
                          "item": "LitterRobot_StatusText",
                          "title": "Status"
                        }
                      },
                      {
                        "component": "oh-label-item",
                        "config": {
                          "item": "LitterRobot_Insights"
                        }
                      }
                    ]
                  }
                }
              ]
            }
          }
        ]
      }
    }
  },
  "page_73c1666f1a": {
    "class": "org.openhab.core.ui.components.RootUIComponent",
    "value": {
      "uid": "page_73c1666f1a",
      "timestamp": "Aug 6, 2021, 12:00:54 PM",
      "component": "oh-layout-page",
      "config": {
        "layoutType": "responsive",
        "label": "Sonos"
      },
      "slots": {
        "default": [
          {
            "component": "oh-block",
            "config": {},
            "slots": {
              "default": [
                {
                  "component": "oh-grid-row",
                  "config": {},
                  "slots": {
                    "default": [
                      {
                        "component": "oh-grid-col",
                        "config": {},
                        "slots": {
                          "default": [
                            {
                              "component": "oh-image-card",
                              "config": {
                                "title": "Cover art"
                              }
                            }
                          ]
                        }
                      }
                    ]
                  }
                }
              ]
            }
          }
        ],
        "grid": [],
        "masonry": [
          {
            "component": "oh-masonry",
            "slots": {
              "default": []
            }
          }
        ]
      }
    }
  },
  "Temperatures": {
    "class": "org.openhab.core.ui.components.RootUIComponent",
    "value": {
      "uid": "Temperatures",
      "timestamp": "Aug 18, 2021, 10:17:23 PM",
      "component": "oh-chart-page",
      "config": {
        "chartType": "",
        "period": "D",
        "label": "All temperatures",
        "visibleTo": [
          "role:administrator",
          "role:user"
        ],
        "sidebar": true
      },
      "slots": {
        "grid": [
          {
            "component": "oh-chart-grid",
            "config": {
              "includeLabels": true
            }
          }
        ],
        "xAxis": [
          {
            "component": "oh-time-axis",
            "config": {
              "gridIndex": 0.0
            }
          }
        ],
        "yAxis": [
          {
            "component": "oh-value-axis",
            "config": {
              "gridIndex": 0.0,
              "name": "°F"
            }
          }
        ],
        "series": [
          {
            "component": "oh-time-series",
            "config": {
              "name": "A/C Duty Cycle today so far:",
              "gridIndex": 0.0,
              "xAxisIndex": 0.0,
              "yAxisIndex": 0.0,
              "type": "line",
              "item": "Cool_Day_Avg_Duty_Cycle"
            }
          },
          {
            "component": "oh-time-series",
            "config": {
              "name": "A/C Duty Cycle:",
              "gridIndex": 0.0,
              "xAxisIndex": 0.0,
              "yAxisIndex": 0.0,
              "type": "line",
              "item": "Cool_Duty_Cycle"
            }
          },
          {
            "component": "oh-time-series",
            "config": {
              "name": "Basement Office Temperature",
              "gridIndex": 0.0,
              "xAxisIndex": 0.0,
              "yAxisIndex": 0.0,
              "type": "line",
              "item": "Temp_Basement_Office"
            }
          },
          {
            "component": "oh-time-series",
            "config": {
              "name": "Lexi\u0027s Room Temperature",
              "gridIndex": 0.0,
              "xAxisIndex": 0.0,
              "yAxisIndex": 0.0,
              "type": "line",
              "item": "Temp_Lexi_BR"
            }
          },
          {
            "component": "oh-time-series",
            "config": {
              "name": "Thermostat Temp",
              "gridIndex": 0.0,
              "xAxisIndex": 0.0,
              "yAxisIndex": 0.0,
              "type": "line",
              "item": "honeywellthermostat_Temperature"
            }
          },
          {
            "component": "oh-time-series",
            "config": {
              "name": "Master Bedroom",
              "gridIndex": 0.0,
              "xAxisIndex": 0.0,
              "yAxisIndex": 0.0,
              "type": "line",
              "item": "Temp_MBR"
            }
          },
          {
            "component": "oh-time-series",
            "config": {
              "name": "Cool scaled",
              "gridIndex": 0.0,
              "xAxisIndex": 0.0,
              "yAxisIndex": 0.0,
              "type": "line",
              "item": "Cool_Scaled"
            }
          },
          {
            "component": "oh-time-series",
            "config": {
              "name": "Temp setpoint",
              "gridIndex": 0.0,
              "xAxisIndex": 0.0,
              "yAxisIndex": 0.0,
              "type": "line",
              "item": "TempSet"
            }
          },
          {
            "component": "oh-time-series",
            "config": {
              "name": "Cool duty cycle yesterday",
              "gridIndex": 0.0,
              "xAxisIndex": 0.0,
              "yAxisIndex": 0.0,
              "type": "line",
              "item": "Cool_Daily_Duty_Cycle"
            }
          },
          {
            "component": "oh-time-series",
            "config": {
              "name": "Outdoor temp",
              "gridIndex": 0.0,
              "xAxisIndex": 0.0,
              "yAxisIndex": 0.0,
              "type": "line",
              "item": "Temp_Outdoor"
            }
          },
          {
            "component": "oh-time-series",
            "config": {
              "name": "Kitchen Temp",
              "gridIndex": 0.0,
              "xAxisIndex": 0.0,
              "yAxisIndex": 0.0,
              "type": "line",
              "item": "Temp_Kitchen_Thermo2"
            }
          },
          {
            "component": "oh-time-series",
            "config": {
              "name": "Tate thermo",
              "gridIndex": 0.0,
              "xAxisIndex": 0.0,
              "yAxisIndex": 0.0,
              "type": "line",
              "item": "Temp_Tate_BR"
            }
          }
        ],
        "tooltip": [
          {
            "component": "oh-chart-tooltip",
            "config": {
              "confine": true,
              "smartFormatter": true
            }
          }
        ],
        "legend": [
          {
            "component": "oh-chart-legend",
            "config": {
              "type": "scroll",
              "orient": "vertical",
              "left": "left"
            }
          }
        ],
        "dataZoom": [
          {
            "component": "oh-chart-datazoom",
            "config": {
              "type": "inside"
            }
          }
        ]
      }
    }
  },
  "page_43dcf7619a": {
    "class": "org.openhab.core.ui.components.RootUIComponent",
    "value": {
      "uid": "page_43dcf7619a",
      "timestamp": "Aug 16, 2021, 8:53:48 AM",
      "component": "oh-layout-page",
      "config": {
        "label": "Details",
        "visibleTo": [
          "role:administrator",
          "role:user"
        ],
        "sidebar": true,
        "layoutType": "responsive"
      },
      "slots": {
        "default": [
          {
            "component": "oh-block",
            "config": {},
            "slots": {
              "default": [
                {
                  "component": "oh-grid-row",
                  "config": {},
                  "slots": {
                    "default": [
                      {
                        "component": "oh-grid-col",
                        "config": {},
                        "slots": {
                          "default": [
                            {
                              "component": "oh-list-card",
                              "config": {
                                "title": "Paige\u0027s Space",
                                "mediaList": true,
                                "noBorder": false,
                                "outline": true
                              },
                              "slots": {
                                "default": [
                                  {
                                    "component": "oh-toggle-item",
                                    "config": {
                                      "title": "Paige\u0027s Space",
                                      "item": "Paige_Space_Group",
                                      "icon": "oh:light"
                                    }
                                  },
                                  {
                                    "component": "oh-slider-item",
                                    "config": {
                                      "title": "Paige\u0027s Space dimmer",
                                      "item": "Paige_Space_Group_Dim",
                                      "icon": "oh:light"
                                    }
                                  },
                                  {
                                    "component": "oh-list-item",
                                    "config": {
                                      "listButton": true,
                                      "title": "Paige\u0027s Space",
                                      "action": "group",
                                      "actionGroupPopupItem": "paigesSpace"
                                    }
                                  }
                                ]
                              }
                            }
                          ]
                        }
                      },
                      {
                        "component": "oh-grid-col",
                        "config": {},
                        "slots": {
                          "default": [
                            {
                              "component": "oh-list-card",
                              "config": {
                                "simpleList": false,
                                "mediaList": true,
                                "title": "Living Room",
                                "outline": true
                              },
                              "slots": {
                                "default": [
                                  {
                                    "component": "oh-toggle-item",
                                    "config": {
                                      "item": "Living_Room_Group_Toggle",
                                      "title": "Living Room lights",
                                      "icon": "oh:light"
                                    }
                                  },
                                  {
                                    "component": "oh-slider-item",
                                    "config": {
                                      "item": "Living_Room_Group_Dimmer",
                                      "title": "Living Room dimmer",
                                      "icon": "oh:light"
                                    }
                                  },
                                  {
                                    "component": "oh-slider-item",
                                    "config": {
                                      "title": "Living Room lights color temp",
                                      "item": "Living_Room_Group_Color_Temp",
                                      "icon": "oh:colorpicker"
                                    }
                                  },
                                  {
                                    "component": "oh-colorpicker-item",
                                    "config": {
                                      "item": "Living_Room_Group_Color",
                                      "title": "Living room color"
                                    }
                                  },
                                  {
                                    "component": "oh-player-item",
                                    "config": {
                                      "item": "SonosBeamLivingRoom_MediaControl",
                                      "artistItem": "SonosBeamLivingRoom_MediaArtist",
                                      "trackItem": "SonosBeamLivingRoom_MediaTitle",
                                      "icon": "f7:music_note",
                                      "title": "Sonos Livingroom"
                                    }
                                  },
                                  {
                                    "component": "oh-label-item",
                                    "config": {
                                      "item": "SonosBeamLivingRoom_MediaTitle",
                                      "title": "title"
                                    }
                                  }
                                ]
                              }
                            }
                          ]
                        }
                      },
                      {
                        "component": "oh-grid-col",
                        "config": {},
                        "slots": {
                          "default": [
                            {
                              "component": "oh-list-card",
                              "config": {
                                "title": "Master Bedroom",
                                "outline": true
                              },
                              "slots": {
                                "default": [
                                  {
                                    "component": "oh-label-item",
                                    "config": {
                                      "item": "Temp_MBR",
                                      "title": "Master Bedroom",
                                      "icon": "oh:temperature",
                                      "action": "navigate",
                                      "actionPage": "page:chartpage1"
                                    }
                                  },
                                  {
                                    "component": "oh-toggle-item",
                                    "config": {
                                      "title": "Master Bedroom Lamp",
                                      "icon": "oh:light",
                                      "item": "Light_MBR_lamp_Color"
                                    }
                                  },
                                  {
                                    "component": "oh-slider-item",
                                    "config": {
                                      "title": "Master Bedroom Lamp",
                                      "icon": "oh:light",
                                      "item": "Light_MBR_lamp_Color"
                                    }
                                  },
                                  {
                                    "component": "oh-colorpicker-item",
                                    "config": {
                                      "title": "Master Bedroom Lamp Color",
                                      "item": "Light_MBR_lamp_Color_Temp"
                                    }
                                  },
                                  {
                                    "component": "oh-player-item",
                                    "config": {
                                      "title": "Sonos Bedroom",
                                      "item": "SonosOneSLBedroom_MediaControl",
                                      "showRewindFFward": false,
                                      "artistItem": "SonosOneSLBedroom_MediaArtist",
                                      "trackItem": "SonosOneSLBedroom_MediaTitle",
                                      "icon": "f7:music_note"
                                    }
                                  },
                                  {
                                    "component": "oh-label-item",
                                    "config": {
                                      "item": "SonosOneSLBedroom_MediaTitle",
                                      "action": "group",
                                      "actionGroupPopupItem": "SonosOneSLBedroom",
                                      "title": "title"
                                    }
                                  },
                                  {
                                    "component": "oh-label-item",
                                    "config": {
                                      "item": "SonosOneSLBedroom_MediaArtist",
                                      "title": "artist"
                                    }
                                  },
                                  {
                                    "component": "oh-slider-item",
                                    "config": {
                                      "title": "volume",
                                      "item": "SonosOneSLBedroom_Volume"
                                    }
                                  }
                                ]
                              }
                            }
                          ]
                        }
                      },
                      {
                        "component": "oh-grid-col",
                        "config": {},
                        "slots": {
                          "default": [
                            {
                              "component": "oh-list-card",
                              "config": {
                                "outline": true,
                                "title": "Kitchen"
                              },
                              "slots": {
                                "default": [
                                  {
                                    "component": "oh-label-item",
                                    "config": {
                                      "item": "Temp_Kitchen_Thermo",
                                      "title": "Thermostat temp",
                                      "icon": "oh:temperature"
                                    }
                                  },
                                  {
                                    "component": "oh-toggle-item",
                                    "config": {
                                      "title": "Kitchen lights",
                                      "icon": "oh:light",
                                      "item": "Kitchenoverheadlight1_KitchenOverhead1onoff"
                                    }
                                  },
                                  {
                                    "component": "oh-slider-item",
                                    "config": {
                                      "title": "Kitchen lights",
                                      "icon": "oh:light",
                                      "item": "Kitchenoverheadlight1_Kitchenoverhead1dimmer",
                                      "min": 1.0,
                                      "max": 1000.0
                                    }
                                  },
                                  {
                                    "component": "oh-player-item",
                                    "config": {
                                      "title": "Kitchen sonos",
                                      "item": "SonosPlay1Kitchen_MediaControl",
                                      "icon": "f7:music_note"
                                    }
                                  },
                                  {
                                    "component": "oh-label-item",
                                    "config": {
                                      "item": "SonosPlay1Kitchen_MediaTitle",
                                      "title": "title"
                                    }
                                  },
                                  {
                                    "component": "oh-label-item",
                                    "config": {
                                      "item": "SonosPlay1Kitchen_MediaArtist",
                                      "title": "artist"
                                    }
                                  },
                                  {
                                    "component": "oh-slider-item",
                                    "config": {
                                      "item": "SonosPlay1Kitchen_Volume"
                                    }
                                  },
                                  {
                                    "component": "oh-label-item",
                                    "config": {
                                      "action": "group",
                                      "actionGroupPopupItem": "Kitchenoverheadlight1",
                                      "item": "Kitchenoverheadlight1",
                                      "title": "Kitchen overhead light 1",
                                      "fallbackIconToInitial": true
                                    }
                                  }
                                ]
                              }
                            }
                          ]
                        }
                      }
                    ]
                  }
                },
                {
                  "component": "oh-grid-row",
                  "config": {},
                  "slots": {
                    "default": [
                      {
                        "component": "oh-grid-col",
                        "config": {},
                        "slots": {
                          "default": [
                            {
                              "component": "oh-list-card",
                              "config": {
                                "title": "Basement office",
                                "outline": true
                              },
                              "slots": {
                                "default": [
                                  {
                                    "component": "oh-label-item",
                                    "config": {
                                      "title": "Basement office",
                                      "icon": "oh:temperature",
                                      "item": "Temp_Basement_Office"
                                    }
                                  }
                                ]
                              }
                            }
                          ]
                        }
                      },
                      {
                        "component": "oh-grid-col",
                        "config": {},
                        "slots": {
                          "default": [
                            {
                              "component": "oh-list-card",
                              "config": {
                                "title": "Tate\u0027s room",
                                "outline": true
                              },
                              "slots": {
                                "default": [
                                  {
                                    "component": "oh-label-item",
                                    "config": {
                                      "item": "Temp_Tate_BR",
                                      "title": "Tate\u0027s room temp",
                                      "icon": "oh:temperature"
                                    }
                                  },
                                  {
                                    "component": "oh-toggle-item",
                                    "config": {
                                      "title": "Tate\u0027s lights",
                                      "icon": "oh:light",
                                      "item": "Tate_Room_Group_Toggle",
                                      "iconUseState": true
                                    }
                                  }
                                ]
                              }
                            }
                          ]
                        }
                      },
                      {
                        "component": "oh-grid-col",
                        "config": {},
                        "slots": {
                          "default": [
                            {
                              "component": "oh-list-card",
                              "config": {
                                "title": "Basement lights",
                                "outline": true
                              },
                              "slots": {
                                "default": [
                                  {
                                    "component": "oh-toggle-item",
                                    "config": {
                                      "title": "Basement hall lights",
                                      "item": "Hall_Group_Toggle",
                                      "icon": "oh:light",
                                      "iconUseState": true
                                    }
                                  },
                                  {
                                    "component": "oh-toggle-item",
                                    "config": {
                                      "title": "Basement room lights",
                                      "icon": "oh:light",
                                      "item": "Basement_Group_Toggle",
                                      "iconUseState": true
                                    }
                                  }
                                ]
                              }
                            }
                          ]
                        }
                      },
                      {
                        "component": "oh-grid-col",
                        "config": {},
                        "slots": {
                          "default": [
                            {
                              "component": "oh-list-card",
                              "config": {
                                "title": "Lexi\u0027s room",
                                "outline": true
                              },
                              "slots": {
                                "default": [
                                  {
                                    "component": "oh-label-item",
                                    "config": {
                                      "item": "Temp_Lexi_BR",
                                      "title": "Lexi\u0027s temperature",
                                      "icon": "oh:temperature"
                                    }
                                  }
                                ]
                              }
                            }
                          ]
                        }
                      }
                    ]
                  }
                },
                {
                  "component": "oh-grid-row",
                  "config": {},
                  "slots": {
                    "default": []
                  }
                }
              ]
            }
          },
          {
            "component": "oh-block",
            "config": {
              "title": "Robot Vac"
            },
            "slots": {
              "default": [
                {
                  "component": "oh-grid-row",
                  "config": {},
                  "slots": {
                    "default": [
                      {
                        "component": "oh-grid-col",
                        "config": {},
                        "slots": {
                          "default": [
                            {
                              "component": "oh-list-card",
                              "config": {},
                              "slots": {
                                "default": [
                                  {
                                    "component": "oh-list-item",
                                    "config": {
                                      "action": "group",
                                      "actionGroupPopupItem": "EcobotDeebotMQTT",
                                      "title": "Ecovac"
                                    }
                                  },
                                  {
                                    "component": "oh-label-item",
                                    "config": {
                                      "title": "Ecovac bot state",
                                      "item": "ecovac_bot_status"
                                    }
                                  },
                                  {
                                    "component": "oh-label-item",
                                    "config": {
                                      "item": "EcobotDeebotMQTT_ChargeState",
                                      "title": "Charge state"
                                    }
                                  },
                                  {
                                    "component": "oh-label-item",
                                    "config": {
                                      "item": "EcobotDeebotMQTT_CleanState",
                                      "title": "Clean state"
                                    }
                                  },
                                  {
                                    "component": "oh-toggle-item",
                                    "config": {
                                      "icon": "f7:arrowtriangle_right_fill",
                                      "title": "Start cleaning",
                                      "item": "EcobotDeebotMQTT_StartCleaning"
                                    }
                                  },
                                  {
                                    "component": "oh-toggle-item",
                                    "config": {
                                      "item": "EcobotDeebotMQTT_StopCleaning",
                                      "title": "Stop cleaning",
                                      "icon": "f7:stop_fill"
                                    }
                                  },
                                  {
                                    "component": "oh-toggle-item",
                                    "config": {
                                      "item": "EcobotDeebotMQTT_Charge",
                                      "title": "Return Home",
                                      "icon": "f7:house_fill"
                                    }
                                  },
                                  {
                                    "component": "oh-label-item",
                                    "config": {
                                      "item": "ecovac_bot_status_scaled",
                                      "title": "Numeric bot state"
                                    }
                                  },
                                  {
                                    "component": "oh-label-item",
                                    "config": {
                                      "item": "ecovac_charge_state_scaled",
                                      "title": "Numeric charge state"
                                    }
                                  },
                                  {
                                    "component": "oh-label-item",
                                    "config": {
                                      "item": "ecovac_clean_state",
                                      "title": "Numeric clean state"
                                    }
                                  },
                                  {
                                    "component": "oh-label-item",
                                    "config": {
                                      "item": "ecovac_stuck_time",
                                      "title": "Ecovac stuck time"
                                    }
                                  }
                                ]
                              }
                            }
                          ]
                        }
                      },
                      {
                        "component": "oh-grid-col",
                        "config": {},
                        "slots": {
                          "default": [
                            {
                              "component": "oh-gauge-card",
                              "config": {
                                "item": "EcobotDeebotMQTT_BatteryState",
                                "title": "Ecovac battery"
                              }
                            }
                          ]
                        }
                      },
                      {
                        "component": "oh-grid-col",
                        "config": {},
                        "slots": {
                          "default": [
                            {
                              "component": "oh-gauge-card",
                              "config": {
                                "title": "Robot stuck time",
                                "item": "ecovac_stuck_time",
                                "type": "circle"
                              }
                            }
                          ]
                        }
                      }
                    ]
                  }
                }
              ]
            }
          },
          {
            "component": "oh-block",
            "config": {
              "title": "Garage"
            },
            "slots": {
              "default": [
                {
                  "component": "oh-grid-row",
                  "config": {},
                  "slots": {
                    "default": [
                      {
                        "component": "oh-grid-col",
                        "config": {},
                        "slots": {
                          "default": [
                            {
                              "component": "oh-list-card",
                              "config": {
                                "title": "Garage lights"
                              },
                              "slots": {
                                "default": [
                                  {
                                    "component": "oh-toggle-item",
                                    "config": {
                                      "title": "Overhead light",
                                      "item": "Garageoverhead_Power",
                                      "icon": "oh:light",
                                      "iconUseState": true
                                    }
                                  },
                                  {
                                    "component": "oh-toggle-item",
                                    "config": {
                                      "title": "Outdoor light",
                                      "icon": "oh:light",
                                      "item": "Garageoutdoorlight_Power",
                                      "iconUseState": true
                                    }
                                  }
                                ]
                              }
                            }
                          ]
                        }
                      },
                      {
                        "component": "oh-grid-col",
                        "config": {},
                        "slots": {
                          "default": [
                            {
                              "component": "oh-label-card",
                              "config": {
                                "action": "group",
                                "actionGroupPopupItem": "garage_door1",
                                "item": "garage_door1_GarageDoorStatus",
                                "title": "Garage door1"
                              }
                            }
                          ]
                        }
                      },
                      {
                        "component": "oh-grid-col",
                        "config": {},
                        "slots": {
                          "default": [
                            {
                              "component": "oh-label-card",
                              "config": {
                                "action": "group",
                                "actionGroupPopupItem": "garage_door2",
                                "item": "garage_door2_GarageDoorStatus",
                                "title": "Garage door2"
                              }
                            }
                          ]
                        }
                      }
                    ]
                  }
                }
              ]
            }
          },
          {
            "component": "oh-block",
            "config": {},
            "slots": {
              "default": [
                {
                  "component": "oh-grid-row",
                  "config": {},
                  "slots": {
                    "default": [
                      {
                        "component": "oh-grid-col",
                        "config": {},
                        "slots": {
                          "default": [
                            {
                              "component": "oh-label-card",
                              "config": {
                                "title": "Outdoor Temperature",
                                "item": "Weather_Temperature"
                              }
                            }
                          ]
                        }
                      },
                      {
                        "component": "oh-grid-col",
                        "config": {},
                        "slots": {
                          "default": [
                            {
                              "component": "oh-list-card",
                              "config": {},
                              "slots": {
                                "default": [
                                  {
                                    "component": "oh-list-item",
                                    "config": {
                                      "title": "Weather Info"
                                    }
                                  },
                                  {
                                    "component": "oh-label-item",
                                    "config": {
                                      "item": "Weather_Temperature",
                                      "title": "Outdoor Temp (weather)"
                                    }
                                  },
                                  {
                                    "component": "oh-label-item",
                                    "config": {
                                      "item": "Weather_Temp_Day_Avg",
                                      "title": "Outside temp day average so far"
                                    }
                                  },
                                  {
                                    "component": "oh-label-item",
                                    "config": {
                                      "item": "Weather_Temp_Daily",
                                      "title": "Outside temp day average yesterday"
                                    }
                                  }
                                ]
                              }
                            }
                          ]
                        }
                      },
                      {
                        "component": "oh-grid-col",
                        "config": {},
                        "slots": {
                          "default": [
                            {
                              "component": "oh-list-card",
                              "config": {},
                              "slots": {
                                "default": [
                                  {
                                    "component": "oh-label-item",
                                    "config": {
                                      "item": "honeywellthermostat_Temperature",
                                      "title": "Thermostat temp"
                                    }
                                  },
                                  {
                                    "component": "oh-label-item",
                                    "config": {
                                      "item": "honeywellthermostat_OutsideTemperature",
                                      "title": "Outside temp (thermostat)"
                                    }
                                  },
                                  {
                                    "component": "oh-label-item",
                                    "config": {
                                      "item": "honeywellthermostat_CoolSetpoint",
                                      "title": "Cool setpoint"
                                    }
                                  },
                                  {
                                    "component": "oh-label-item",
                                    "config": {
                                      "item": "honeywellthermostat_HeatSetpoint",
                                      "title": "Heat setpoint"
                                    }
                                  },
                                  {
                                    "component": "oh-label-item",
                                    "config": {
                                      "item": "honeywellthermostat_SystemMode",
                                      "title": "System mode"
                                    }
                                  },
                                  {
                                    "component": "oh-label-item",
                                    "config": {
                                      "item": "honeywellthermostat_HoldMode",
                                      "title": "Hold mode"
                                    }
                                  },
                                  {
                                    "component": "oh-label-item",
                                    "config": {
                                      "item": "honeywellthermostat_FanRunning",
                                      "title": "Fan running"
                                    }
                                  },
                                  {
                                    "component": "oh-label-item",
                                    "config": {
                                      "item": "honeywellthermostat_SystemStatus",
                                      "title": "Equipment output"
                                    }
                                  },
                                  {
                                    "component": "oh-label-item",
                                    "config": {
                                      "item": "honeywellthermostat_AccountStatus",
                                      "title": "Account status"
                                    }
                                  },
                                  {
                                    "component": "oh-label-item",
                                    "config": {
                                      "item": "honeywellthermostat_LastUpdate",
                                      "title": "Last update"
                                    }
                                  }
                                ]
                              }
                            }
                          ]
                        }
                      }
                    ]
                  }
                }
              ]
            }
          },
          {
            "component": "oh-block",
            "config": {},
            "slots": {
              "default": [
                {
                  "component": "oh-grid-row",
                  "config": {},
                  "slots": {
                    "default": [
                      {
                        "component": "oh-grid-col",
                        "config": {},
                        "slots": {
                          "default": [
                            {
                              "component": "oh-label-card",
                              "config": {
                                "title": "Main Thermostat",
                                "item": "honeywellthermostat_Temperature"
                              }
                            }
                          ]
                        }
                      }
                    ]
                  }
                },
                {
                  "component": "oh-grid-row",
                  "config": {},
                  "slots": {
                    "default": [
                      {
                        "component": "oh-grid-col",
                        "config": {},
                        "slots": {
                          "default": [
                            {
                              "component": "oh-list-card",
                              "config": {},
                              "slots": {
                                "default": [
                                  {
                                    "component": "oh-label-item",
                                    "config": {
                                      "item": "honeywellthermostat_Temperature",
                                      "title": "Thermostat temp"
                                    }
                                  },
                                  {
                                    "component": "oh-label-item",
                                    "config": {
                                      "item": "honeywellthermostat_OutsideTemperature",
                                      "title": "Outside temp (thermostat)"
                                    }
                                  },
                                  {
                                    "component": "oh-label-item",
                                    "config": {
                                      "item": "honeywellthermostat_CoolSetpoint",
                                      "title": "Cool setpoint"
                                    }
                                  },
                                  {
                                    "component": "oh-label-item",
                                    "config": {
                                      "item": "honeywellthermostat_HeatSetpoint",
                                      "title": "Heat setpoint"
                                    }
                                  },
                                  {
                                    "component": "oh-label-item",
                                    "config": {
                                      "item": "honeywellthermostat_SystemMode",
                                      "title": "System mode"
                                    }
                                  },
                                  {
                                    "component": "oh-label-item",
                                    "config": {
                                      "item": "honeywellthermostat_HoldMode",
                                      "title": "Hold mode"
                                    }
                                  },
                                  {
                                    "component": "oh-label-item",
                                    "config": {
                                      "item": "honeywellthermostat_FanRunning",
                                      "title": "Fan running"
                                    }
                                  },
                                  {
                                    "component": "oh-label-item",
                                    "config": {
                                      "item": "honeywellthermostat_SystemStatus",
                                      "title": "Equipment output"
                                    }
                                  },
                                  {
                                    "component": "oh-label-item",
                                    "config": {
                                      "item": "honeywellthermostat_AccountStatus",
                                      "title": "Account status"
                                    }
                                  },
                                  {
                                    "component": "oh-label-item",
                                    "config": {
                                      "item": "honeywellthermostat_LastUpdate",
                                      "title": "Last update"
                                    }
                                  }
                                ]
                              }
                            }
                          ]
                        }
                      },
                      {
                        "component": "oh-grid-col",
                        "config": {},
                        "slots": {
                          "default": [
                            {
                              "component": "oh-list-card",
                              "config": {},
                              "slots": {
                                "default": [
                                  {
                                    "component": "oh-label-item",
                                    "config": {
                                      "item": "Fan_Duty_Cycle",
                                      "title": "Fan Duty Cycle"
                                    }
                                  },
                                  {
                                    "component": "oh-label-item",
                                    "config": {
                                      "item": "Fan_Day_Avg_Duty_Cycle",
                                      "title": "Fan Duty Cycle so far today"
                                    }
                                  },
                                  {
                                    "component": "oh-label-item",
                                    "config": {
                                      "item": "Fan_Daily_Duty_Cycle",
                                      "title": "Fan Duty Cycle Yesterday"
                                    }
                                  }
                                ]
                              }
                            }
                          ]
                        }
                      }
                    ]
                  }
                }
              ]
            }
          }
        ],
        "grid": []
      }
    }
  },
  "home": {
    "class": "org.openhab.core.ui.components.RootUIComponent",
    "value": {
      "uid": "home",
      "timestamp": "Aug 16, 2021, 11:20:41 AM",
      "component": "oh-home-page",
      "config": {
        "label": "Home Page",
        "displayModelCardsTo": [
          "role:administrator",
          "role:user"
        ]
      },
      "slots": {
        "locations": [
          {
            "component": "oh-locations-tab",
            "config": {},
            "slots": {
              "Basement": [
                {
                  "component": "oh-location-card",
                  "config": {
                    "badges": [
                      "lights",
                      "temperature",
                      "humidity"
                    ]
                  }
                }
              ],
              "BasementHall": [
                {
                  "component": "oh-location-card",
                  "config": {
                    "badges": [
                      "lights",
                      "temperature",
                      "humidity"
                    ]
                  }
                }
              ],
              "basementOffice": [
                {
                  "component": "oh-location-card",
                  "config": {
                    "badges": [
                      "lights",
                      "temperature",
                      "humidity"
                    ]
                  }
                }
              ]
            }
          }
        ],
        "equipment": [
          {
            "component": "oh-equipment-tab",
            "config": {},
            "slots": {}
          }
        ],
        "properties": [
          {
            "component": "oh-properties-tab",
            "config": {},
            "slots": {
              "Current": [
                {
                  "component": "oh-property-card",
                  "config": {}
                }
              ]
            }
          }
        ]
      }
    }
  },
  "page_c79b31b854": {
    "class": "org.openhab.core.ui.components.RootUIComponent",
    "value": {
      "uid": "page_c79b31b854",
      "timestamp": "Aug 14, 2021, 6:08:56 PM",
      "component": "oh-chart-page",
      "config": {
        "label": "ecovac chart",
        "visibleTo": [
          "role:administrator",
          "role:user"
        ],
        "sidebar": true,
        "period": "D"
      },
      "slots": {
        "grid": [
          {
            "component": "oh-chart-grid",
            "config": {
              "show": true,
              "containLabel": true
            }
          }
        ],
        "xAxis": [
          {
            "component": "oh-time-axis",
            "config": {
              "gridIndex": 0.0
            }
          }
        ],
        "yAxis": [
          {
            "component": "oh-value-axis",
            "config": {
              "gridIndex": 0.0
            }
          },
          {
            "component": "oh-value-axis",
            "config": {
              "gridIndex": 0.0
            }
          }
        ],
        "series": [
          {
            "component": "oh-time-series",
            "config": {
              "name": "Battery State",
              "gridIndex": 0.0,
              "xAxisIndex": 0.0,
              "yAxisIndex": 0.0,
              "type": "line",
              "item": "EcobotDeebotMQTT_BatteryState"
            }
          },
          {
            "component": "oh-time-series",
            "config": {
              "name": "Discharge rate",
              "gridIndex": 0.0,
              "xAxisIndex": 0.0,
              "yAxisIndex": 1.0,
              "type": "line",
              "item": "EcobotDeebotMQTT_DischargeRate"
            }
          },
          {
            "component": "oh-time-series",
            "config": {
              "name": "Charge rate",
              "gridIndex": 0.0,
              "xAxisIndex": 0.0,
              "yAxisIndex": 1.0,
              "type": "line",
              "item": "EcobotDeebotMQTT_ChargeRate"
            }
          },
          {
            "component": "oh-time-series",
            "config": {
              "name": "Charge state",
              "gridIndex": 0.0,
              "xAxisIndex": 0.0,
              "yAxisIndex": 0.0,
              "type": "line",
              "item": "ecovac_charge_state_scaled"
            }
          },
          {
            "component": "oh-time-series",
            "config": {
              "name": "Clean state",
              "gridIndex": 0.0,
              "xAxisIndex": 0.0,
              "yAxisIndex": 0.0,
              "type": "line",
              "item": "ecovac_clean_state"
            }
          },
          {
            "component": "oh-time-series",
            "config": {
              "name": "Robot status scaled",
              "gridIndex": 0.0,
              "xAxisIndex": 0.0,
              "yAxisIndex": 0.0,
              "type": "line",
              "item": "ecovac_bot_status_scaled"
            }
          }
        ],
        "dataZoom": [
          {
            "component": "oh-chart-datazoom",
            "config": {
              "show": true,
              "type": "inside",
              "orient": "horizontal"
            }
          }
        ],
        "calendar": [],
        "tooltip": [
          {
            "component": "oh-chart-tooltip",
            "config": {
              "show": true
            }
          }
        ],
        "visualMap": [],
        "toolbox": [
          {
            "component": "oh-chart-toolbox",
            "config": {
              "show": false,
              "presetFeatures": [
                "dataView",
                "dataZoom",
                "magicType"
              ]
            }
          }
        ],
        "legend": [
          {
            "component": "oh-chart-legend",
            "config": {
              "show": true,
              "orient": "vertical"
            }
          }
        ]
      }
    }
  },
  "page_905a2cd481": {
    "class": "org.openhab.core.ui.components.RootUIComponent",
    "value": {
      "uid": "page_905a2cd481",
      "timestamp": "Aug 14, 2021, 7:01:30 PM",
      "component": "oh-layout-page",
      "config": {
        "layoutType": "responsive",
        "label": "3 way dimmer"
      },
      "slots": {
        "default": [
          {
            "component": "oh-block",
            "config": {},
            "slots": {
              "default": [
                {
                  "component": "oh-grid-row",
                  "config": {},
                  "slots": {
                    "default": [
                      {
                        "component": "oh-grid-col",
                        "config": {},
                        "slots": {
                          "default": [
                            {
                              "component": "oh-toggle-card",
                              "config": {
                                "title": "3 way dimmer",
                                "item": "3waydimmer_OnOffState"
                              }
                            }
                          ]
                        }
                      },
                      {
                        "component": "oh-grid-col",
                        "config": {},
                        "slots": {
                          "default": [
                            {
                              "component": "oh-slider-card",
                              "config": {
                                "item": "3waydimmer_Dimmerstate",
                                "title": "3 way dimmer",
                                "min": 0.0,
                                "max": 1000.0
                              }
                            }
                          ]
                        }
                      }
                    ]
                  }
                }
              ]
            }
          }
        ],
        "grid": []
      }
    }
  }
}